seed,model_kind,timestep,total_abs_activity_t,node_variance_t,mean_abs_delta_t
0,connectome,0,32733.361328125,0.8037275075912476,
0,connectome,1,31885.63671875,0.750403106212616,0.04056130722165108
0,connectome,2,31579.556640625,0.7345254421234131,0.030696801841259003
0,connectome,3,31742.07421875,0.7459556460380554,0.018039099872112274
0,connectome,4,31678.146484375,0.7406389713287354,0.0160287544131279
0,connectome,5,31249.939453125,0.7205277681350708,0.015735935419797897
0,connectome,6,30901.26171875,0.7060091495513916,0.016491509974002838
0,connectome,7,30644.77734375,0.6899127960205078,0.014151728712022305
0,connectome,8,30473.076171875,0.6744476556777954,0.012833484448492527
0,connectome,9,30384.1015625,0.667189359664917,0.008290325291454792
0,connectome,10,30390.646484375,0.6660166382789612,0.006183018907904625
0,connectome,11,30439.2734375,0.6666145324707031,0.006789199076592922
0,connectome,12,30487.86328125,0.6693878769874573,0.0062606362625956535
0,connectome,13,30498.30078125,0.6726107001304626,0.005871196277439594
0,connectome,14,30448.76953125,0.6725125908851624,0.00479294266551733
0,connectome,15,30361.96484375,0.669407069683075,0.004621409811079502
0,connectome,16,30278.255859375,0.665608286857605,0.00435109157115221
0,connectome,17,30215.31640625,0.6617172360420227,0.004001063760370016
0,connectome,18,30182.158203125,0.6585871577262878,0.003551866626366973
0,connectome,19,30188.35546875,0.6575765609741211,0.0028808671049773693
0,connectome,20,30226.994140625,0.658649206161499,0.002854319056496024
0,connectome,21,30280.7890625,0.6611132025718689,0.0030009152833372355
0,connectome,22,30325.48046875,0.6638789176940918,0.0030073842499405146
0,connectome,23,30346.150390625,0.665920078754425,0.0026978261303156614
0,connectome,24,30345.8515625,0.6667745113372803,0.0022678072564303875
0,connectome,25,30335.91796875,0.6666319370269775,0.0018928968347609043
0,connectome,26,30322.138671875,0.6657974123954773,0.0016554357716813684
0,connectome,27,30307.029296875,0.6645561456680298,0.001780238002538681
0,connectome,28,30297.55859375,0.663389265537262,0.001760402461513877
0,connectome,29,30302.17578125,0.6629047989845276,0.0014948737807571888
0,connectome,30,30322.44921875,0.6633890271186829,0.0014326443197205663
0,connectome,31,30350.84765625,0.6646207571029663,0.0014218577416613698
0,connectome,32,30377.390625,0.6661519408226013,0.0013197914231568575
0,connectome,33,30394.677734375,0.6675080060958862,0.0011767855612561107
0,connectome,34,30399.27734375,0.6682940721511841,0.0009518794831819832
0,connectome,35,30392.80078125,0.6683869361877441,0.0008282982744276524
0,connectome,36,30380.568359375,0.66795414686203,0.0007552227471023798
0,connectome,37,30368.453125,0.667286217212677,0.0007468783878721297
0,connectome,38,30360.779296875,0.6666741967201233,0.0007609821623191237
0,connectome,39,30359.923828125,0.6663594841957092,0.0006429230561479926
0,connectome,40,30365.67578125,0.6664515733718872,0.0005969709018245339
0,connectome,41,30375.1875,0.6668826341629028,0.0005759165505878627
0,connectome,42,30384.41015625,0.6674635410308838,0.0005694043939001858
0,connectome,43,30389.99609375,0.6679794788360596,0.0005543935112655163
0,connectome,44,30390.41796875,0.6682658195495605,0.00046300116810016334
0,connectome,45,30386.203125,0.6682604551315308,0.0004117922217119485
0,connectome,46,30379.44921875,0.6680158972740173,0.0003728384617716074
0,connectome,47,30372.84765625,0.6676603555679321,0.0003437522391323
0,connectome,48,30368.572265625,0.6673380136489868,0.00034128170227631927
0,connectome,49,30367.75,0.6671615839004517,0.00028535898309201
0,connectome,50,30371.515625,0.6668577194213867,0.0037525088991969824
0,connectome,51,30385.072265625,0.6664531230926514,0.004901365377008915
0,connectome,52,30543.685546875,0.6673028469085693,0.012000163085758686
0,connectome,53,30737.470703125,0.669763445854187,0.01418637577444315
0,connectome,54,30792.994140625,0.6702940464019775,0.012201418168842793
0,connectome,55,30713.181640625,0.6692845225334167,0.010479580610990524
0,connectome,56,30606.443359375,0.6663342714309692,0.009305381216108799
0,connectome,57,30541.837890625,0.6647999286651611,0.006468329578638077
0,connectome,58,30537.044921875,0.6652359962463379,0.005265697371214628
0,connectome,59,30565.4609375,0.6668835878372192,0.003967672120779753
0,connectome,60,30567.67578125,0.6678209900856018,0.0031276887748390436
0,connectome,61,30558.51953125,0.6680144667625427,0.0028449103701859713
0,connectome,62,30554.19921875,0.6681628823280334,0.00231059524230659
0,connectome,63,30551.828125,0.6682262420654297,0.001936871325597167
0,connectome,64,30544.0546875,0.6680629849433899,0.001643217052333057
0,connectome,65,30531.7734375,0.6676815152168274,0.0015391060151159763
0,connectome,66,30520.470703125,0.6672548651695251,0.001338041154667735
0,connectome,67,30515.361328125,0.6670429110527039,0.0012568829115480185
0,connectome,68,30516.560546875,0.6671261191368103,0.0011239881860092282
0,connectome,69,30521.8125,0.6673628687858582,0.0012242821976542473
0,connectome,70,30527.400390625,0.6676154136657715,0.0011925098951905966
0,connectome,71,30530.1875,0.6677083969116211,0.0010500747011974454
0,connectome,72,30529.208984375,0.6677020788192749,0.0009216623730026186
0,connectome,73,30526.306640625,0.6676561236381531,0.0008417816716246307
0,connectome,74,30521.609375,0.667532205581665,0.0006796164088882506
0,connectome,75,30516.607421875,0.6673555970191956,0.000602159823756665
0,connectome,76,30513.5390625,0.6672070622444153,0.0006269683362916112
0,connectome,77,30513.1015625,0.6671470999717712,0.0005963551229797304
0,connectome,78,30517.443359375,0.6672077775001526,0.0008818054920993745
0,connectome,79,30524.021484375,0.667392373085022,0.0009730390156619251
0,connectome,80,30527.771484375,0.667443037033081,0.0008493785280734301
0,connectome,81,30527.619140625,0.667410671710968,0.0007390020764432847
0,connectome,82,30526.38671875,0.6674028635025024,0.0007070724386721849
0,connectome,83,30524.087890625,0.6674017906188965,0.0005643616896122694
0,connectome,84,30521.70703125,0.6673747301101685,0.0005970069323666394
0,connectome,85,30519.8515625,0.6673088073730469,0.0005087790195830166
0,connectome,86,30521.0390625,0.667263388633728,0.0006737762014381588
0,connectome,87,30525.38671875,0.6673418879508972,0.0006851906655356288
0,connectome,88,30529.005859375,0.6673813462257385,0.0005966633907519281
0,connectome,89,30530.388671875,0.6674110293388367,0.0005115609965287149
0,connectome,90,30530.23828125,0.6674443483352661,0.00047761082532815635
0,connectome,91,30528.525390625,0.6674490571022034,0.0003767445159610361
0,connectome,92,30526.666015625,0.6674270033836365,0.00045599599252454937
0,connectome,93,30525.509765625,0.6673949360847473,0.00042717345058918
0,connectome,94,30527.23046875,0.6673768758773804,0.0007091422448866069
0,connectome,95,30531.15625,0.667425811290741,0.00080407306086272
0,connectome,96,30533.66015625,0.6673949956893921,0.0007024549413472414
0,connectome,97,30534.04296875,0.6673490405082703,0.0006035792757757008
0,connectome,98,30533.70703125,0.6673535108566284,0.0005564294988289475
0,connectome,99,30532.689453125,0.6674012541770935,0.0004431751149240881
0,connectome,100,30531.646484375,0.6674566268920898,0.0003908937214873731
0,connectome,101,30530.650390625,0.6674675941467285,0.0004210790211800486
0,connectome,102,30530.2890625,0.6674458980560303,0.0003964655043091625
0,connectome,103,30534.537109375,0.6674660444259644,0.0006187261897139251
0,connectome,104,30541.01953125,0.6676251888275146,0.0007101864903233945
0,connectome,105,30543.546875,0.6675921678543091,0.0006111594848334789
0,connectome,106,30542.4296875,0.6674821972846985,0.0005157883279025555
0,connectome,107,30540.982421875,0.6674249172210693,0.0004725927719846368
0,connectome,108,30539.802734375,0.6674177646636963,0.00036670209374278784
0,connectome,109,30538.994140625,0.6674291491508484,0.00043785080197267234
0,connectome,110,30538.69140625,0.6674455404281616,0.0003965802607126534
0,connectome,111,30539.72265625,0.6674717664718628,0.0006367326132021844
0,connectome,112,30542.318359375,0.6675290465354919,0.0006945338100194931
0,connectome,113,30544.884765625,0.6675655245780945,0.0006108380621299148
0,connectome,114,30545.2578125,0.667565643787384,0.0005398710491135716
0,connectome,115,30544.275390625,0.6675549149513245,0.000504968105815351
0,connectome,116,30542.28515625,0.6675312519073486,0.00040052493568509817
0,connectome,117,30540.31640625,0.667505145072937,0.00034968226100318134
0,connectome,118,30539.181640625,0.6674796342849731,0.00040213452302850783
0,connectome,119,30539.130859375,0.6674602627754211,0.00039102259324863553
0,connectome,120,30543.021484375,0.6674930453300476,0.0007021976634860039
0,connectome,121,30549.255859375,0.667634129524231,0.0008283171919174492
0,connectome,122,30552.265625,0.6676114797592163,0.0007250182097777724
0,connectome,123,30552.158203125,0.6675290465354919,0.000619968050159514
0,connectome,124,30551.49609375,0.6675138473510742,0.0005870001041330397
0,connectome,125,30550.482421875,0.6675493717193604,0.0004618957464117557
0,connectome,126,30549.15234375,0.6675742268562317,0.000520955421961844
0,connectome,127,30548.1328125,0.6675654053688049,0.0004509634745772928
0,connectome,128,30549.68359375,0.6675604581832886,0.0006501287571154535
0,connectome,129,30553.41015625,0.6676305532455444,0.0006717308424413204
0,connectome,130,30556.81640625,0.6676648855209351,0.000584954977966845
0,connectome,131,30557.845703125,0.6676754951477051,0.0005189030198380351
0,connectome,132,30557.578125,0.6676929593086243,0.00048806474660523236
0,connectome,133,30555.703125,0.6676908135414124,0.0003809673071373254
0,connectome,134,30553.58984375,0.6676589846611023,0.0004524778632912785
0,connectome,135,30552.044921875,0.6676095724105835,0.0004151950415689498
0,connectome,136,30553.4609375,0.6675869226455688,0.0006675835466012359
0,connectome,137,30557.623046875,0.6676594018936157,0.0007498788181692362
0,connectome,138,30560.58203125,0.667662501335144,0.0006622662767767906
0,connectome,139,30561.166015625,0.6676338315010071,0.0005709828110411763
0,connectome,140,30560.984375,0.667638897895813,0.0005385467666201293
0,connectome,141,30559.875,0.6676821708679199,0.00042431222391314805
0,connectome,142,30558.609375,0.6677262783050537,0.00037388494820334017
0,connectome,143,30557.3125,0.6677102446556091,0.00039900903357192874
0,connectome,144,30556.56640625,0.6676574349403381,0.0003742154221981764
0,connectome,145,30560.5546875,0.6676660776138306,0.0005851576570421457
0,connectome,146,30566.99609375,0.6678199768066406,0.000664448831230402
0,connectome,147,30569.966796875,0.667807400226593,0.0005683763301931322
0,connectome,148,30569.62109375,0.6677383780479431,0.0004817348381038755
0,connectome,149,30568.35546875,0.6677053570747375,0.0004523156676441431
0,connectome,150,30567.1015625,0.6676938533782959,0.00034770226920954883
0,connectome,151,30565.96875,0.6676812171936035,0.0004244542506057769
0,connectome,152,30565.63671875,0.6676812171936035,0.00039009167812764645
0,connectome,153,30566.71484375,0.6677038669586182,0.0006637284532189369
0,connectome,154,30569.435546875,0.6677624583244324,0.00073915725806728
0,connectome,155,30572.3203125,0.6678044199943542,0.0006526337820105255
0,connectome,156,30573.056640625,0.6678117513656616,0.0005777533515356481
0,connectome,157,30572.1640625,0.6678197979927063,0.0005370418657548726
0,connectome,158,30570.087890625,0.6678035259246826,0.0004275809333194047
0,connectome,159,30567.623046875,0.6677613854408264,0.00037976651219651103
0,connectome,160,30566.171875,0.6677166819572449,0.0004210119368508458
0,connectome,161,30566.146484375,0.6676896810531616,0.0004045667592436075
0,connectome,162,30570.40234375,0.6677294969558716,0.0006983702187426388
0,connectome,163,30577.19921875,0.6678937673568726,0.0008224766352213919
0,connectome,164,30580.3828125,0.6678788065910339,0.0007193124620243907
0,connectome,165,30580.28515625,0.6677892208099365,0.000618702732026577
0,connectome,166,30579.62109375,0.6677688360214233,0.0005709973629564047
0,connectome,167,30578.76171875,0.667809009552002,0.00044934189645573497
0,connectome,168,30577.46484375,0.667830228805542,0.000503158662468195
0,connectome,169,30576.15625,0.667809247970581,0.0004343454202171415
0,connectome,170,30577.302734375,0.6677957773208618,0.0006231433944776654
0,connectome,171,30580.69140625,0.6678510904312134,0.0006369593320414424
0,connectome,172,30583.779296875,0.6678968667984009,0.0005536525277420878
0,connectome,173,30584.701171875,0.6679141521453857,0.0004854137951042503
0,connectome,174,30584.21484375,0.6679261922836304,0.00045870503527112305
0,connectome,175,30582.580078125,0.6679209470748901,0.0003577267052605748
0,connectome,176,30580.91796875,0.6678979992866516,0.0004428689135238528
0,connectome,177,30579.8828125,0.6678615212440491,0.00041202217107638717
0,connectome,178,30581.90625,0.6678504347801208,0.0006860222783870995
0,connectome,179,30586.904296875,0.667959451675415,0.0007686452590860426
0,connectome,180,30589.408203125,0.6679390668869019,0.0006713861948810518
0,connectome,181,30589.5703125,0.6678887605667114,0.0005648447549901903
0,connectome,182,30589.251953125,0.6678915619850159,0.0005226691137067974
0,connectome,183,30588.30078125,0.667929470539093,0.00041246871114708483
0,connectome,184,30587.099609375,0.6679667830467224,0.0003628370468504727
0,connectome,185,30586.171875,0.6679700613021851,0.00040736066875979304
0,connectome,186,30585.775390625,0.6679444909095764,0.00038756342837587
0,connectome,187,30589.51171875,0.6679545044898987,0.0006432529771700501
0,connectome,188,30595.29296875,0.6680800318717957,0.00073115254053846
0,connectome,189,30598.212890625,0.6680685877799988,0.000628435576800257
0,connectome,190,30597.49609375,0.6679915189743042,0.0005439375527203083
0,connectome,191,30596.1484375,0.6679501533508301,0.0005265688523650169
0,connectome,192,30594.79296875,0.6679507493972778,0.00041103974217548966
0,connectome,193,30593.845703125,0.6679702401161194,0.0004715911054518074
0,connectome,194,30593.38671875,0.6679839491844177,0.00041547921136952937
0,connectome,195,30594.5390625,0.6679971814155579,0.0006357387755997479
0,connectome,196,30597.267578125,0.6680487394332886,0.0006955554708838463
0,connectome,197,30599.40234375,0.6680529713630676,0.0006178233306854963
0,connectome,198,30599.6640625,0.6680266857147217,0.0005426107672974467
0,connectome,199,30599.169921875,0.6680296063423157,0.0005143833695910871
0,connectome,200,30597.54296875,0.6680432558059692,0.000409718748414889
0,connectome,201,30595.783203125,0.6680422425270081,0.00036253620055504143
0,connectome,202,30594.451171875,0.6680089235305786,0.00040600058855488896
0,connectome,203,30594.302734375,0.6679778695106506,0.00039221078623086214
0,connectome,204,30598.126953125,0.6680070757865906,0.0006763925775885582
0,connectome,205,30604.443359375,0.6681530475616455,0.0008016051724553108
0,connectome,206,30607.69140625,0.6681433320045471,0.0006969786481931806
0,connectome,207,30607.46484375,0.6680651903152466,0.0006074271514080465
0,connectome,208,30606.501953125,0.6680343747138977,0.000578596955165267
0,connectome,209,30605.21875,0.6680546998977661,0.00045629162923432887
0,connectome,210,30603.955078125,0.6680740714073181,0.0005222133477218449
0,connectome,211,30603.05078125,0.6680699586868286,0.0004640814440790564
0,connectome,212,30604.76171875,0.6680667400360107,0.0007041149656288326
0,connectome,213,30608.759765625,0.668134331703186,0.0007739179418422282
0,connectome,214,30612.380859375,0.6681699156761169,0.0006771138869225979
0,connectome,215,30613.359375,0.6681728959083557,0.0005918070091865957
0,connectome,216,30612.509765625,0.6681745648384094,0.0005586805054917932
0,connectome,217,30610.33203125,0.6681646108627319,0.00043650902807712555
0,connectome,218,30608.341796875,0.6681423783302307,0.0004981638048775494
0,connectome,219,30607.25,0.6681100726127625,0.00043879792792722583
0,connectome,220,30608.982421875,0.6680989861488342,0.0006511975661851466
0,connectome,221,30613.673828125,0.6682006120681763,0.0006965340580791235
0,connectome,222,30616.548828125,0.6682100892066956,0.0006084501510486007
0,connectome,223,30617.20703125,0.6681891679763794,0.0005152933299541473
0,connectome,224,30616.865234375,0.6681906580924988,0.0004703969170805067
0,connectome,225,30615.728515625,0.6682103872299194,0.00036707284743897617
0,connectome,226,30614.1796875,0.6682159304618835,0.00032152110361494124
0,connectome,227,30612.708984375,0.6681936979293823,0.00025029858807101846
0,connectome,228,30611.7734375,0.6681643724441528,0.00020670831145253032
0,connectome,229,30611.861328125,0.6681690216064453,0.000171747975400649
0,connectome,230,30612.5859375,0.6682122945785522,0.0001477646001148969
0,connectome,231,30612.935546875,0.668247640132904,0.00013543444219976664
0,connectome,232,30612.44921875,0.668238639831543,0.00011819334758911282
0,connectome,233,30611.611328125,0.6682018637657166,0.00010948488488793373
0,connectome,234,30611.046875,0.668171763420105,9.422181756235659e-05
0,connectome,235,30610.81640625,0.668157160282135,7.936579640954733e-05
0,connectome,236,30610.64453125,0.6681471467018127,7.001931226113811e-05
0,connectome,237,30610.4765625,0.6681371331214905,6.0925260186195374e-05
0,connectome,238,30610.458984375,0.668134331703186,5.371198494685814e-05
0,connectome,239,30610.634765625,0.6681435108184814,4.707897824118845e-05
0,connectome,240,30610.837890625,0.6681579947471619,4.370666647446342e-05
0,connectome,241,30610.884765625,0.6681661009788513,4.0290047763846815e-05
0,connectome,242,30610.732421875,0.6681631803512573,3.8008492992958054e-05
0,connectome,243,30610.515625,0.6681539416313171,3.4038970625260845e-05
0,connectome,244,30610.337890625,0.6681444048881531,2.9724040359724313e-05
0,connectome,245,30610.2109375,0.6681361794471741,2.6733072445495054e-05
0,connectome,246,30610.125,0.6681295037269592,2.466719161020592e-05
0,connectome,247,30610.10546875,0.668126106262207,2.2976480977376923e-05
0,connectome,248,30610.16796875,0.6681280136108398,2.0446788767003454e-05
0,connectome,249,30610.27734375,0.6681338548660278,1.855666414485313e-05
0,connectome,250,30610.357421875,0.6681399941444397,1.687002986727748e-05
0,connectome,251,30610.37890625,0.6681435108184814,1.571358006913215e-05
0,connectome,252,30610.345703125,0.6681436896324158,1.4752245078852866e-05
0,connectome,253,30610.283203125,0.6681414246559143,1.3108848179399502e-05
0,connectome,254,30610.212890625,0.6681378483772278,1.1655703929136507e-05
0,connectome,255,30610.15234375,0.6681340336799622,1.0593103979772422e-05
0,connectome,256,30610.125,0.6681311130523682,9.972889529308304e-06
0,connectome,257,30610.1328125,0.6681302785873413,9.336435141449329e-06
0,connectome,258,30610.171875,0.6681317090988159,8.44128317112336e-06
0,connectome,259,30610.224609375,0.6681344509124756,7.62074569138349e-06
0,connectome,260,30610.259765625,0.6681371927261353,6.904736892465735e-06
0,connectome,261,30610.275390625,0.6681390404701233,6.439788194256835e-06
0,connectome,262,30610.26953125,0.6681395173072815,6.047125680197496e-06
0,connectome,263,30610.244140625,0.6681388020515442,5.440581844595727e-06
0,connectome,264,30610.212890625,0.66813725233078,4.870143129664939e-06
0,connectome,265,30610.1875,0.6681355237960815,4.462102424440673e-06
0,connectome,266,30610.17578125,0.6681342720985413,4.179486495559104e-06
0,connectome,267,30610.181640625,0.6681339740753174,3.935089353035437e-06
0,connectome,268,30610.197265625,0.6681345701217651,3.5610803479357855e-06
0,random,0,67275.1015625,3.3181371688842773,
0,random,1,68116.7421875,3.4377098083496094,0.03228360041975975
0,random,2,68872.25,3.549607038497925,0.02875715307891369
0,random,3,69572.8359375,3.6549882888793945,0.025812095031142235
0,random,4,70209.8359375,3.7526731491088867,0.023206517100334167
0,random,5,70801.515625,3.8441944122314453,0.02102472260594368
0,random,6,71346.4765625,3.9299418926239014,0.018991617485880852
0,random,7,71850.0078125,4.009037971496582,0.017231730744242668
0,random,8,72316.28125,4.083850860595703,0.015690645202994347
0,random,9,72747.265625,4.152963161468506,0.014357956126332283
0,random,10,73147.234375,4.218135356903076,0.013184694573283195
0,random,11,73518.875,4.278868198394775,0.012173686176538467
0,random,12,73864.4453125,4.33559513092041,0.011232118122279644
0,random,13,74187.0859375,4.389077663421631,0.010441784746944904
0,random,14,74487.6015625,4.4387640953063965,0.009679161943495274
0,random,15,74768.3203125,4.4859771728515625,0.009021638892591
0,random,16,75030.84375,4.5297136306762695,0.008382604457437992
0,random,17,75276.34375,4.571371555328369,0.007828693836927414
0,random,18,75506.3125,4.610067367553711,0.007290789857506752
0,random,19,75721.671875,4.6469268798828125,0.006820788607001305
0,random,20,75923.8359375,4.681267738342285,0.006368590053170919
0,random,21,76113.390625,4.7139739990234375,0.005970916245132685
0,random,22,76291.6875,4.7445220947265625,0.005597160197794437
0,random,23,76458.8125,4.773602485656738,0.005251671653240919
0,random,24,76616.3203125,4.8008270263671875,0.004933623131364584
0,random,25,76764.296875,4.82675313949585,0.004632009193301201
0,random,26,76903.640625,4.851078510284424,0.004356355872005224
0,random,27,77034.703125,4.874197483062744,0.004096082411706448
0,random,28,77158.234375,4.895955562591553,0.0038568172603845596
0,random,29,77274.5625,4.916609764099121,0.003626377321779728
0,random,30,77384.2578125,4.936049938201904,0.0034154211170971394
0,random,31,77487.6015625,4.954430103302002,0.00321443984284997
0,random,32,77584.9453125,4.9717793464660645,0.003031085943803191
0,random,33,77676.6640625,4.988159656524658,0.002856646664440632
0,random,34,77763.171875,5.003643989562988,0.002694538328796625
0,random,35,77844.7109375,5.018239974975586,0.002540703397244215
0,random,36,77921.6171875,5.0320563316345215,0.0023969535250216722
0,random,37,77994.1171875,5.045090198516846,0.002262700814753771
0,random,38,78062.484375,5.057427406311035,0.0021362320985645056
0,random,39,78126.9375,5.06906270980835,0.002018387196585536
0,random,40,78187.7421875,5.080080986022949,0.0019066856475546956
0,random,41,78245.1328125,5.090466499328613,0.0018009776249527931
0,random,42,78299.2421875,5.100284576416016,0.0017005671979859471
0,random,43,78350.2578125,5.109531879425049,0.0016061326023191214
0,random,44,78398.34375,5.118274211883545,0.0015169017715379596
0,random,45,78443.640625,5.126513481140137,0.001433183322660625
0,random,46,78486.390625,5.134302139282227,0.0013550420990213752
0,random,47,78526.6484375,5.141641616821289,0.0012813026551157236
0,random,48,78564.609375,5.1485724449157715,0.0012117462465539575
0,random,49,78600.375,5.155106067657471,0.001145959715358913
0,random,50,78635.671875,5.16110897064209,0.004464581608772278
0,random,51,78668.3125,5.166485786437988,0.006698715500533581
0,random,52,78698.2265625,5.171651840209961,0.007910732179880142
0,random,53,78727.0703125,5.176671028137207,0.007511329837143421
0,random,54,78753.5078125,5.181538105010986,0.0065146442502737045
0,random,55,78779.3125,5.18615198135376,0.0054853674955666065
0,random,56,78803.828125,5.19061279296875,0.004583088681101799
0,random,57,78826.5390625,5.19476318359375,0.003833825932815671
0,random,58,78848.1015625,5.198678970336914,0.003243052866309881
0,random,59,78868.75,5.202362537384033,0.002867297036573291
0,random,60,78887.9609375,5.205871105194092,0.002550228964537382
0,random,61,78906.203125,5.209139347076416,0.0022479386534541845
0,random,62,78923.34375,5.212285041809082,0.0019731626380234957
0,random,63,78939.5,5.215207099914551,0.0017346225213259459
0,random,64,78954.6328125,5.217975616455078,0.001522539067082107
0,random,65,78968.9765625,5.220592975616455,0.0013425607467070222
0,random,66,78982.4609375,5.223068714141846,0.001195184071548283
0,random,67,78995.4609375,5.225400924682617,0.0011876878561452031
0,random,68,79007.6328125,5.227604866027832,0.0011689196107909083
0,random,69,79019.0859375,5.229687213897705,0.0011140115093439817
0,random,70,79029.921875,5.23166036605835,0.0010356184793636203
0,random,71,79040.078125,5.2335100173950195,0.0009353123023174703
0,random,72,79049.6328125,5.235255718231201,0.0008372549782507122
0,random,73,79058.640625,5.236913204193115,0.0007451280253008008
0,random,74,79067.1328125,5.238475799560547,0.0006671436713077128
0,random,75,79075.1796875,5.239957809448242,0.0005983301089145243
0,random,76,79083.0,5.241347789764404,0.0006702987011522055
0,random,77,79090.296875,5.242671966552734,0.000726996804587543
0,random,78,79097.15625,5.2439188957214355,0.0007689195335842669
0,random,79,79103.5625,5.245094299316406,0.0007725817849859595
0,random,80,79109.609375,5.2462077140808105,0.0007166230934672058
0,random,81,79115.265625,5.247250080108643,0.0006402492872439325
0,random,82,79120.625,5.2482428550720215,0.0005635410780087113
0,random,83,79125.6796875,5.249170303344727,0.0004914245801046491
0,random,84,79130.7578125,5.250056266784668,0.0005311961285769939
0,random,85,79135.40625,5.250883102416992,0.0005566898616962135
0,random,86,79139.7734375,5.251673221588135,0.0005704337963834405
0,random,87,79143.8125,5.252406597137451,0.0005588459316641092
0,random,88,79147.6328125,5.253109931945801,0.000513965729624033
0,random,89,79151.203125,5.2537665367126465,0.0004563211987260729
0,random,90,79154.5859375,5.254389762878418,0.0004000617773272097
0,random,91,79157.7734375,5.254974365234375,0.00034846534254029393
0,random,92,79161.1015625,5.255528450012207,0.0004331507661845535
0,random,93,79164.0390625,5.256050109863281,0.00048586330376565456
0,random,94,79166.765625,5.25654411315918,0.0005443382542580366
0,random,95,79169.3671875,5.257017612457275,0.0005736270686611533
0,random,96,79171.828125,5.25747013092041,0.0005511026829481125
0,random,97,79174.125,5.257889747619629,0.0004949860158376396
0,random,98,79176.265625,5.258284091949463,0.00043232220923528075
0,random,99,79178.296875,5.258659839630127,0.00037390421493910253
0,random,100,79180.203125,5.259013652801514,0.00032004760578274727
0,random,101,79182.515625,5.259345531463623,0.00039675418520346284
0,random,102,79184.484375,5.259660720825195,0.0004371772811282426
0,random,103,79186.234375,5.259964466094971,0.0004901751526631415
0,random,104,79187.84375,5.260257720947266,0.0005234194686636329
0,random,105,79189.421875,5.260544300079346,0.0005089702317491174
0,random,106,79190.84375,5.260812759399414,0.00046030155499465764
0,random,107,79192.2265625,5.2610673904418945,0.0004035836027469486
0,random,108,79193.5078125,5.261301517486572,0.0003505426284391433
0,random,109,79194.9140625,5.261527061462402,0.0004083063395228237
0,random,110,79196.2265625,5.261728763580322,0.00045243679778650403
0,random,111,79197.375,5.261934757232666,0.0005028971354477108
0,random,112,79198.46875,5.2621283531188965,0.0005269719404168427
0,random,113,79199.484375,5.262315273284912,0.0005076650413684547
0,random,114,79200.4140625,5.262495517730713,0.0004604189598467201
0,random,115,79201.3125,5.262661457061768,0.00040848972275853157
0,random,116,79202.140625,5.26281213760376,0.00035652960650622845
0,random,117,79202.90625,5.262959003448486,0.0003096873697359115
0,random,118,79203.9140625,5.263093948364258,0.00040261982940137386
0,random,119,79204.7734375,5.263219833374023,0.0004830506513826549
0,random,120,79205.625,5.263343811035156,0.0005874395719729364
0,random,121,79206.3984375,5.263482570648193,0.0006578714237548411
0,random,122,79207.125,5.263608455657959,0.000654443574603647
0,random,123,79207.71875,5.263723850250244,0.0006016095285303891
0,random,124,79208.3203125,5.263834476470947,0.0005364710232242942
0,random,125,79208.875,5.263931751251221,0.0004676406679209322
0,random,126,79209.703125,5.264023780822754,0.0005146858165971935
0,random,127,79210.328125,5.264118194580078,0.0005551668000407517
0,random,128,79210.875,5.264197826385498,0.0005919646937400103
0,random,129,79211.3515625,5.26428747177124,0.0005893000634387136
0,random,130,79211.8125,5.264368057250977,0.0005480708787217736
0,random,131,79212.1953125,5.264443874359131,0.00048632355174049735
0,random,132,79212.578125,5.2645063400268555,0.00042406932334415615
0,random,133,79212.90625,5.264568328857422,0.0003655056352727115
0,random,134,79213.6875,5.264623165130615,0.00043327873572707176
0,random,135,79214.03125,5.264698028564453,0.0005110299680382013
0,random,136,79214.234375,5.264739036560059,0.0006117040175013244
0,random,137,79214.3984375,5.264787673950195,0.0006813172367401421
0,random,138,79214.625,5.2648468017578125,0.0006840614951215684
0,random,139,79214.875,5.264904499053955,0.0006389837362803519
0,random,140,79215.1328125,5.26492166519165,0.000570347358006984
0,random,141,79215.3125,5.264965534210205,0.0004998023505322635
0,random,142,79215.5,5.264986515045166,0.00043203227687627077
0,random,143,79216.2890625,5.265034198760986,0.00048374966718256474
0,random,144,79216.703125,5.265067100524902,0.0005425909766927361
0,random,145,79216.921875,5.26510763168335,0.0006207279511727393
0,random,146,79217.1875,5.265146732330322,0.0006632984150201082
0,random,147,79217.4375,5.265211582183838,0.000650593894533813
0,random,148,79217.7109375,5.265262126922607,0.0006007752963341773
0,random,149,79217.953125,5.26528263092041,0.0005337087786756456
0,random,150,79218.1484375,5.265321731567383,0.00046769005712121725
0,random,151,79218.515625,5.2653398513793945,0.0005215685814619064
0,random,152,79218.796875,5.265375137329102,0.0005646102945320308
0,random,153,79218.9921875,5.265384197235107,0.0006146974046714604
0,random,154,79219.1875,5.265422821044922,0.0006281155510805547
0,random,155,79219.375,5.2654547691345215,0.0005976741667836905
0,random,156,79219.53125,5.265475273132324,0.0005398142384365201
0,random,157,79219.703125,5.265498638153076,0.000477043999126181
0,random,158,79219.8359375,5.265516757965088,0.00041461887303739786
0,random,159,79219.953125,5.265533447265625,0.00036041083512827754
0,random,160,79220.375,5.265547752380371,0.0004458388139028102
0,random,161,79220.6953125,5.265558242797852,0.0005189769435673952
0,random,162,79220.953125,5.2655744552612305,0.0006128028035163879
0,random,163,79221.21875,5.265610694885254,0.0006704141851514578
0,random,164,79221.4140625,5.265638828277588,0.0006600247579626739
0,random,165,79221.6015625,5.265665531158447,0.0006039303843863308
0,random,166,79221.7734375,5.265689373016357,0.000536925217602402
0,random,167,79221.9375,5.265710830688477,0.00046748670865781605
0,random,168,79222.328125,5.265727519989014,0.0005064372671768069
0,random,169,79222.546875,5.265739917755127,0.0005228533991612494
0,random,170,79222.75,5.265755653381348,0.0005332452128641307
0,random,171,79222.9140625,5.265779972076416,0.0005182509776204824
0,random,172,79223.078125,5.265800952911377,0.0004782705509569496
0,random,173,79223.171875,5.265817642211914,0.0004230188496876508
0,random,174,79223.28125,5.265833377838135,0.00036863016430288553
0,random,175,79223.375,5.265847206115723,0.0003197301703039557
0,random,176,79223.828125,5.2658562660217285,0.00040486236684955657
0,random,177,79224.0625,5.265864372253418,0.0004556268686428666
0,random,178,79224.1796875,5.265878200531006,0.0005189304938539863
0,random,179,79224.2734375,5.265892028808594,0.0005617436254397035
0,random,180,79224.3984375,5.2659077644348145,0.0005463080597110093
0,random,181,79224.484375,5.265926361083984,0.0004930871073156595
0,random,182,79224.578125,5.265941619873047,0.0004295163962524384
0,random,183,79224.6640625,5.265955448150635,0.00037051475374028087
0,random,184,79224.7265625,5.265968322753906,0.00031519035110250115
0,random,185,79225.1796875,5.2659759521484375,0.00039472937351092696
0,random,186,79225.4609375,5.265987396240234,0.0004432259884197265
0,random,187,79225.65625,5.265999794006348,0.000498792331200093
0,random,188,79225.765625,5.26601505279541,0.0005219061276875436
0,random,189,79225.921875,5.2660346031188965,0.0004936553305014968
0,random,190,79226.015625,5.266055107116699,0.0004379000165499747
0,random,191,79226.125,5.2660722732543945,0.00037868891377002
0,random,192,79226.2265625,5.26608419418335,0.0003237623313907534
0,random,193,79226.421875,5.266099452972412,0.0003807297325693071
0,random,194,79226.5703125,5.266104698181152,0.0004299255379009992
0,random,195,79226.71875,5.266115188598633,0.0004750918596982956
0,random,196,79226.7890625,5.266121864318848,0.0004970161244273186
0,random,197,79226.875,5.266135215759277,0.000467375764856115
0,random,198,79226.9453125,5.266146183013916,0.00041538517689332366
0,random,199,79227.0078125,5.266150951385498,0.0003604798694141209
0,random,200,79227.0625,5.2661566734313965,0.00030869815964251757
0,random,201,79227.1015625,5.266160011291504,0.00026375765446573496
0,random,202,79227.546875,5.266161918640137,0.0003553142596501857
0,random,203,79227.796875,5.266168117523193,0.0004339920706115663
0,random,204,79227.9296875,5.266164302825928,0.0005134920938871801
0,random,205,79228.0078125,5.266172885894775,0.0005661524483002722
0,random,206,79228.078125,5.266181945800781,0.0005446316790767014
0,random,207,79228.1328125,5.266190052032471,0.0004898029146715999
0,random,208,79228.1953125,5.266192436218262,0.00042706934618763626
0,random,209,79228.2265625,5.266196250915527,0.00036520816502161324
0,random,210,79228.5546875,5.266195297241211,0.00043040860327892005
0,random,211,79228.765625,5.266202926635742,0.0004873196012340486
0,random,212,79228.8828125,5.266207695007324,0.0005409851437434554
0,random,213,79228.9140625,5.266207218170166,0.0005765208043158054
0,random,214,79228.984375,5.2662129402160645,0.0005656969733536243
0,random,215,79229.0078125,5.266209602355957,0.0005257133743725717
0,random,216,79229.0234375,5.2662129402160645,0.00047388431266881526
0,random,217,79229.046875,5.266211986541748,0.0004267171898391098
0,random,218,79229.359375,5.266211986541748,0.0004933313466608524
0,random,219,79229.5390625,5.26621150970459,0.0005488045862875879
0,random,220,79229.6328125,5.266210556030273,0.0005991486832499504
0,random,221,79229.7265625,5.266211032867432,0.000622633786406368
0,random,222,79229.7734375,5.266208648681641,0.0006051635136827826
0,random,223,79229.84375,5.266213417053223,0.0005568547639995813
0,random,224,79229.875,5.266214847564697,0.0005000628880225122
0,random,225,79229.9140625,5.266217231750488,0.00044840865302830935
0,random,226,79229.9453125,5.266218185424805,0.00040051358519122005
0,random,227,79229.9921875,5.266219615936279,0.0003554637951310724
0,random,228,79230.03125,5.2662177085876465,0.0003128056414425373
0,random,229,79230.0625,5.266220569610596,0.0002739291521720588
0,random,230,79230.0703125,5.2662177085876465,0.0002393160539213568
0,random,231,79230.09375,5.266217231750488,0.00020885046978946775
0,random,232,79230.1015625,5.2662153244018555,0.0001827603846322745
0,random,233,79230.1171875,5.266213417053223,0.00016041533672250807
0,random,234,79230.125,5.266212463378906,0.00014155720418784767
0,random,235,79230.140625,5.266210556030273,0.00012496247654780746
0,random,236,79230.140625,5.266207695007324,0.00011039708624593914
0,random,237,79230.140625,5.26620626449585,9.766658331500366e-05
0,random,238,79230.140625,5.266202449798584,8.652267570141703e-05
0,random,239,79230.1484375,5.266201019287109,7.67400924814865e-05
0,random,240,79230.140625,5.266197204589844,6.825708987889811e-05
0,random,241,79230.140625,5.266195297241211,6.084076812840067e-05
0,random,242,79230.1484375,5.2661919593811035,5.4428091971203685e-05
0,random,243,79230.140625,5.2661895751953125,4.882257053395733e-05
0,random,244,79230.140625,5.266186714172363,4.39643335994333e-05
0,random,245,79230.140625,5.266184329986572,3.9663544157519937e-05
0,random,246,79230.1328125,5.266181468963623,3.5900749935535714e-05
0,random,247,79230.1328125,5.26617956161499,3.2550662581343204e-05
0,random,248,79230.125,5.266176700592041,2.9625649403897114e-05
0,random,249,79230.125,5.266174793243408,2.6984505893778987e-05
0,random,250,79230.1171875,5.266172409057617,2.4659433620399795e-05
0,random,251,79230.1171875,5.266170501708984,2.2551910660695285e-05
0,random,252,79230.1171875,5.266168117523193,2.0679726731032133e-05
0,random,253,79230.109375,5.266166687011719,1.898304071801249e-05
0,random,254,79230.109375,5.266164779663086,1.745647386997007e-05
0,random,255,79230.09375,5.266162872314453,1.607733065611683e-05
0,random,256,79230.09375,5.2661614418029785,1.4812710105616134e-05
0,random,257,79230.0859375,5.266160011291504,1.3689309525943827e-05
0,random,258,79230.078125,5.266158103942871,1.2633325241040438e-05
0,random,259,79230.078125,5.2661566734313965,1.170392624771921e-05
0,random,260,79230.078125,5.266155242919922,1.0820081115525682e-05
0,random,261,79230.078125,5.2661542892456055,1.0040434062830172e-05
0,random,262,79230.0703125,5.266152858734131,9.303403203375638e-06
0,random,263,79230.0703125,5.2661519050598145,8.646541573398281e-06
0,random,264,79230.0703125,5.26615047454834,8.028542652027681e-06
0,random,265,79230.0625,5.266149520874023,7.470400760212215e-06
0,random,266,79230.0625,5.266148567199707,6.948957434360636e-06
0,random,267,79230.0625,5.266147613525391,6.471648703154642e-06
0,random,268,79230.0625,5.266146659851074,6.034076250216458e-06
1,connectome,0,35722.78515625,1.052430510520935,
1,connectome,1,31748.31640625,0.851405680179596,0.11590201407670975
1,connectome,2,28765.71875,0.6581364870071411,0.11131320893764496
1,connectome,3,30291.29296875,0.644656777381897,0.09545489400625229
1,connectome,4,32501.72265625,0.7508747577667236,0.07881888002157211
1,connectome,5,34123.43359375,0.9151400923728943,0.12366661429405212
1,connectome,6,32004.806640625,0.8395795226097107,0.08762805163860321
1,connectome,7,28779.46875,0.6716534495353699,0.09634014964103699
1,connectome,8,29326.71875,0.6273771524429321,0.08892608433961868
1,connectome,9,31666.66015625,0.6967067718505859,0.07100474089384079
1,connectome,10,33114.4375,0.8357284069061279,0.10001860558986664
1,connectome,11,32912.67578125,0.8775271773338318,0.10226532816886902
1,connectome,12,29202.662109375,0.7038275599479675,0.09986960142850876
1,connectome,13,28755.841796875,0.6213663220405579,0.09181942045688629
1,connectome,14,31365.53125,0.662976861000061,0.08611107617616653
1,connectome,15,33335.86328125,0.8224101066589355,0.10280308872461319
1,connectome,16,34299.64453125,0.9709258079528809,0.14373038709163666
1,connectome,17,30027.064453125,0.7527641654014587,0.12189799547195435
1,connectome,18,28298.888671875,0.6141735911369324,0.11674880236387253
1,connectome,19,31275.6796875,0.6418249011039734,0.10671106725931168
1,connectome,20,33764.18359375,0.8102482557296753,0.11687332391738892
1,connectome,21,35515.50390625,1.0545899868011475,0.17905059456825256
1,connectome,22,31276.85546875,0.8252172470092773,0.13797274231910706
1,connectome,23,28050.27734375,0.617612898349762,0.14156784117221832
1,connectome,24,30876.939453125,0.6246424913406372,0.12195757031440735
1,connectome,25,33978.1875,0.7810656428337097,0.12295404076576233
1,connectome,26,36139.83984375,1.0799206495285034,0.19416657090187073
1,connectome,27,32821.67578125,0.9219129681587219,0.14689667522907257
1,connectome,28,28115.76171875,0.6355704069137573,0.16139434278011322
1,connectome,29,30172.166015625,0.6094126105308533,0.13609753549098969
1,connectome,30,33917.265625,0.744347870349884,0.12532441318035126
1,connectome,31,36175.28125,1.048182487487793,0.19067759811878204
1,connectome,32,34326.21484375,1.0195791721343994,0.15962395071983337
1,connectome,33,28583.36328125,0.6709867119789124,0.17289690673351288
1,connectome,34,29405.75390625,0.5999540090560913,0.14912280440330505
1,connectome,35,33459.9296875,0.7067973613739014,0.12683109939098358
1,connectome,36,35771.53515625,0.9825316667556763,0.17736485600471497
1,connectome,37,35387.85546875,1.0850046873092651,0.18094654381275177
1,connectome,38,29443.791015625,0.7241268157958984,0.17399020493030548
1,connectome,39,28699.474609375,0.5987364053726196,0.15692007541656494
1,connectome,40,32736.55859375,0.6731440424919128,0.12900382280349731
1,connectome,41,35211.984375,0.9072178602218628,0.16017082333564758
1,connectome,42,36137.40625,1.121495008468628,0.20040468871593475
1,connectome,43,30644.341796875,0.7953128814697266,0.17207123339176178
1,connectome,44,28269.236328125,0.6063945889472961,0.16462330520153046
1,connectome,45,31905.03125,0.6454649567604065,0.1343580186367035
1,connectome,46,34803.21484375,0.8422887325286865,0.14778625965118408
1,connectome,47,36571.90625,1.1288509368896484,0.20992636680603027
1,connectome,48,32086.2265625,0.8818925023078918,0.17211461067199707
1,connectome,49,28205.6484375,0.6249140501022339,0.17246805131435394
1,connectome,50,31020.55078125,0.6240231990814209,0.1449025571346283
1,connectome,51,34471.7578125,0.7876156568527222,0.14495356380939484
1,connectome,52,36747.37890625,1.1010808944702148,0.21227571368217468
1,connectome,53,33748.4609375,0.9731833338737488,0.1753656268119812
1,connectome,54,28863.3046875,0.6606945395469666,0.17917895317077637
1,connectome,55,30193.162109375,0.6098644733428955,0.14907214045524597
1,connectome,56,33823.859375,0.7333596348762512,0.1358935832977295
1,connectome,57,36132.78125,1.0186439752578735,0.18853458762168884
1,connectome,58,34656.8125,1.0230281352996826,0.17365649342536926
1,connectome,59,29380.001953125,0.7030105590820312,0.17142599821090698
1,connectome,60,29400.8125,0.6060318946838379,0.15124453604221344
1,connectome,61,33028.9375,0.6934493184089661,0.12932217121124268
1,connectome,62,35465.9375,0.9404605627059937,0.1686544120311737
1,connectome,63,35355.984375,1.058288812637329,0.18088722229003906
1,connectome,64,30291.83984375,0.7604000568389893,0.1661248654127121
1,connectome,65,28873.671875,0.6110018491744995,0.1552605777978897
1,connectome,66,32219.71875,0.6631937623023987,0.129230797290802
1,connectome,67,34901.375,0.8724192380905151,0.152881920337677
1,connectome,68,35817.1953125,1.072830080986023,0.18888355791568756
1,connectome,69,31410.0,0.8281538486480713,0.16492582857608795
1,connectome,70,28659.8046875,0.6247414350509644,0.16079337894916534
1,connectome,71,31436.376953125,0.6403277516365051,0.13317781686782837
1,connectome,72,34428.7265625,0.8147452473640442,0.14270927011966705
1,connectome,73,36030.40625,1.0652202367782593,0.19112901389598846
1,connectome,74,32610.619140625,0.9004036784172058,0.16696099936962128
1,connectome,75,28756.40625,0.6486215591430664,0.16557615995407104
1,connectome,76,30670.41015625,0.6245845556259155,0.13919422030448914
1,connectome,77,33962.97265625,0.7658434510231018,0.13680778443813324
1,connectome,78,35988.7109375,1.0347338914871216,0.18734392523765564
1,connectome,79,33762.1640625,0.9692572355270386,0.17087896168231964
1,connectome,80,29191.873046875,0.6847750544548035,0.16835549473762512
1,connectome,81,29967.3203125,0.6162754893302917,0.14593741297721863
1,connectome,82,33388.203125,0.7236756086349487,0.13302384316921234
1,connectome,83,35697.5390625,0.9822655320167542,0.1771051287651062
1,connectome,84,34686.46484375,1.0207593441009521,0.17605070769786835
1,connectome,85,29916.607421875,0.7337855100631714,0.16780513525009155
1,connectome,86,29388.57421875,0.6159694790840149,0.152547225356102
1,connectome,87,32690.1328125,0.6885241866111755,0.13159222900867462
1,connectome,88,35256.6875,0.9194211363792419,0.1641215980052948
1,connectome,89,35332.8671875,1.0493876934051514,0.18184737861156464
1,connectome,90,30876.787109375,0.7935258746147156,0.16698873043060303
1,connectome,91,29022.892578125,0.6246002912521362,0.15796612203121185
1,connectome,92,31917.728515625,0.6603493690490723,0.13312451541423798
1,connectome,93,34743.1484375,0.8567205667495728,0.1523660123348236
1,connectome,94,35707.1953125,1.0548542737960815,0.1857239454984665
1,connectome,95,31955.916015625,0.8588804006576538,0.16834916174411774
1,connectome,96,28953.623046875,0.6431320905685425,0.16252408921718597
1,connectome,97,31158.98046875,0.6399427056312561,0.13683830201625824
1,connectome,98,34213.7734375,0.8010298609733582,0.14362196624279022
1,connectome,99,35823.8203125,1.0385280847549438,0.18484167754650116
1,connectome,100,33032.890625,0.9231593608856201,0.1708645522594452
1,connectome,101,29180.544921875,0.672438383102417,0.16559572517871857
1,connectome,102,30457.8515625,0.627324104309082,0.14247071743011475
1,connectome,103,33672.86328125,0.7537927627563477,0.13799598813056946
1,connectome,104,35739.69140625,1.0040990114212036,0.17982515692710876
1,connectome,105,34023.12109375,0.9797398447990417,0.17423729598522186
1,connectome,106,29716.306640625,0.7136042714118958,0.1668587028980255
1,connectome,107,29854.0859375,0.622620165348053,0.1487976759672165
1,connectome,108,33037.21484375,0.7137365341186523,0.13460911810398102
1,connectome,109,35443.51171875,0.9528709650039673,0.17078106105327606
1,connectome,110,34780.12109375,1.0171762704849243,0.17756417393684387
1,connectome,111,30491.62890625,0.7652236223220825,0.1671547144651413
1,connectome,112,29418.43359375,0.6266932487487793,0.1544324904680252
1,connectome,113,32321.51171875,0.6812344193458557,0.1339239627122879
1,connectome,114,35002.72265625,0.8941595554351807,0.1600531041622162
1,connectome,115,35282.47265625,1.034075379371643,0.1803814023733139
1,connectome,116,31426.08203125,0.8236391544342041,0.16823776066303253
1,connectome,117,29204.19140625,0.6399064660072327,0.1590927094221115
1,connectome,118,31591.828125,0.6565650105476379,0.1359652429819107
1,connectome,119,34487.5,0.8367739319801331,0.15071214735507965
1,connectome,120,35568.88671875,1.0325144529342651,0.1815670132637024
1,connectome,121,32423.333984375,0.8836471438407898,0.1705680787563324
1,connectome,122,29278.380859375,0.6633543968200684,0.1624457687139511
1,connectome,123,30894.734375,0.6396760940551758,0.13961271941661835
1,connectome,124,33922.98046875,0.7846810817718506,0.14314089715480804
1,connectome,125,35619.5703125,1.010690450668335,0.17866723239421844
1,connectome,126,33371.1015625,0.9383577108383179,0.1727696657180786
1,connectome,127,29616.259765625,0.6973533630371094,0.164242684841156
1,connectome,128,30281.00390625,0.6307528614997864,0.14493919909000397
1,connectome,129,33337.1875,0.7404667735099792,0.13803569972515106
1,connectome,130,35494.5234375,0.9742717146873474,0.1731604039669037
1,connectome,131,34204.8671875,0.9827291369438171,0.17470411956310272
1,connectome,132,30211.431640625,0.7414500713348389,0.16584047675132751
1,connectome,133,29794.88671875,0.6301711797714233,0.1507004201412201
1,connectome,134,32684.2265625,0.7037389874458313,0.1358334720134735
1,connectome,135,35187.26171875,0.9254301190376282,0.1655699610710144
1,connectome,136,34830.3125,1.009798526763916,0.17681828141212463
1,connectome,137,31000.5625,0.7932121157646179,0.1677190214395523
1,connectome,138,29499.4375,0.638581395149231,0.15560661256313324
1,connectome,139,31986.59765625,0.6746907830238342,0.13574454188346863
1,connectome,140,34733.03125,0.8706172704696655,0.1567828208208084
1,connectome,141,35221.88671875,1.0179392099380493,0.1776394546031952
1,connectome,142,31882.65234375,0.8479341268539429,0.16961270570755005
1,connectome,143,29419.1875,0.6562660336494446,0.15924367308616638
1,connectome,144,31306.09765625,0.6536039113998413,0.13808076083660126
1,connectome,145,34203.97265625,0.8172699809074402,0.14886876940727234
1,connectome,146,35437.72265625,1.0104743242263794,0.17711368203163147
1,connectome,147,32795.09375,0.9015657901763916,0.17174118757247925
1,connectome,148,29604.947265625,0.6840555667877197,0.16160942614078522
1,connectome,149,30679.51171875,0.6403108239173889,0.14193925261497498
1,connectome,150,33616.14453125,0.7688687443733215,0.1422913372516632
1,connectome,151,35441.63671875,0.9856423735618591,0.17370600998401642
1,connectome,152,33626.83203125,0.9470879435539246,0.17309123277664185
1,connectome,153,30030.56640625,0.7213903665542603,0.1634841114282608
1,connectome,154,30164.6875,0.6353784799575806,0.14675964415073395
1,connectome,155,33000.796875,0.7278951406478882,0.13805916905403137
1,connectome,156,35268.28125,0.9476932883262634,0.16807956993579865
1,connectome,157,34322.44140625,0.9806857109069824,0.17385394871234894
1,connectome,158,30661.45703125,0.7667505145072937,0.16585281491279602
1,connectome,159,29793.2421875,0.6388196349143982,0.15201696753501892
1,connectome,160,32356.25390625,0.6947042942047119,0.13674010336399078
1,connectome,161,34934.2421875,0.9007230997085571,0.16162194311618805
1,connectome,162,34849.24609375,1.0000605583190918,0.17498943209648132
1,connectome,163,31435.66015625,0.8166969418525696,0.16863413155078888
1,connectome,164,29625.140625,0.6515107154846191,0.15593308210372925
1,connectome,165,31690.666015625,0.6691937446594238,0.137223482131958
1,connectome,166,34454.05859375,0.8486618995666504,0.15391895174980164
1,connectome,167,35160.14453125,1.0014415979385376,0.1744294911623001
1,connectome,168,32260.7890625,0.8667280673980713,0.17049245536327362
1,connectome,169,29658.5,0.6733887791633606,0.1585102677345276
1,connectome,170,31065.14453125,0.6516667604446411,0.13974124193191528
1,connectome,171,33902.16796875,0.7986190319061279,0.14679712057113647
1,connectome,172,35307.74609375,0.989236056804657,0.1727832704782486
1,connectome,173,33081.1796875,0.9131381511688232,0.17156262695789337
1,connectome,174,29928.923828125,0.7044528126716614,0.16084907948970795
1,connectome,175,30521.95703125,0.6421770453453064,0.14367802441120148
1,connectome,176,33309.03125,0.7541166543960571,0.1415661722421646
1,connectome,177,35272.8515625,0.9628962278366089,0.1695176213979721
1,connectome,178,33816.87890625,0.9507752060890198,0.17212234437465668
1,connectome,179,30417.6328125,0.7437744736671448,0.16360503435134888
1,connectome,180,30108.42578125,0.6411633491516113,0.14819031953811646
1,connectome,181,32689.005859375,0.716539740562439,0.13815537095069885
1,connectome,182,35051.9609375,0.9241095185279846,0.16431733965873718
1,connectome,183,34403.375,0.9759061336517334,0.17216822504997253
1,connectome,184,31056.837890625,0.7884787321090698,0.16646623611450195
1,connectome,185,29842.888671875,0.6485710144042969,0.15268142521381378
1,connectome,186,32059.154296875,0.68686443567276,0.13740834593772888
1,connectome,187,34678.8671875,0.8779502511024475,0.1583739072084427
1,connectome,188,34847.046875,0.988443911075592,0.1724272221326828
1,connectome,189,31803.91015625,0.8355210423469543,0.1692511886358261
1,connectome,190,29776.9375,0.6650850176811218,0.15575094521045685
1,connectome,191,31438.57421875,0.6648805141448975,0.13854309916496277
1,connectome,192,34174.5390625,0.8286256790161133,0.1514820009469986
1,connectome,193,35101.4921875,0.9857022762298584,0.17152465879917145
1,connectome,194,32566.482421875,0.8801265954971313,0.17061194777488708
1,connectome,195,29910.044921875,0.6903879046440125,0.15804262459278107
1,connectome,196,30882.603515625,0.6511105298995972,0.141066312789917
1,connectome,197,33604.0078125,0.7817835807800293,0.14516694843769073
1,connectome,198,35184.296875,0.9695625901222229,0.1691267192363739
1,connectome,199,33294.0859375,0.9190455079078674,0.17071571946144104
1,connectome,200,30246.189453125,0.7237274646759033,0.1606513261795044
1,connectome,201,30421.974609375,0.6453253626823425,0.1449674367904663
1,connectome,202,33013.79296875,0.740763783454895,0.14086413383483887
1,connectome,203,35101.359375,0.9417119026184082,0.1660604178905487
1,connectome,204,33947.1015625,0.9501175284385681,0.17058216035366058
1,connectome,205,30764.33984375,0.7633587718009949,0.16412614285945892
1,connectome,206,30103.5546875,0.6480362415313721,0.14896170794963837
1,connectome,207,32402.654296875,0.7065680623054504,0.13819420337677002
1,connectome,208,34830.12109375,0.9022111892700195,0.16115114092826843
1,connectome,209,34456.0703125,0.9688144326210022,0.1700073927640915
1,connectome,210,31395.47265625,0.8062043786048889,0.1671684980392456
1,connectome,211,29933.380859375,0.6592060327529907,0.1525268405675888
1,connectome,212,31801.517578125,0.6803377866744995,0.13798470795154572
1,connectome,213,34416.60546875,0.8568905591964722,0.15535004436969757
1,connectome,214,34829.96875,0.9762062430381775,0.16969522833824158
1,connectome,215,32101.388671875,0.8493738770484924,0.1689966320991516
1,connectome,216,29951.50390625,0.6789802312850952,0.15526428818702698
1,connectome,217,31236.486328125,0.6619991064071655,0.13950850069522858
1,connectome,218,33896.89453125,0.8103491067886353,0.1494198739528656
1,connectome,219,35035.54296875,0.9705460071563721,0.16868238151073456
1,connectome,220,32807.4140625,0.8886343240737915,0.16969925165176392
1,connectome,221,30165.34765625,0.7067986130714417,0.15793244540691376
1,connectome,222,30751.84375,0.651822566986084,0.14210078120231628
1,connectome,223,33321.51953125,0.7665044665336609,0.14386989176273346
1,connectome,224,35059.51953125,0.9511895179748535,0.1661173552274704
1,connectome,225,33458.9609375,0.9212931394577026,0.16917021572589874
1,connectome,226,30543.80078125,0.7411669492721558,0.16097182035446167
1,connectome,227,30368.3984375,0.6496063470840454,0.14575187861919403
1,connectome,228,32734.998046875,0.7287085652351379,0.1400831639766693
1,connectome,229,34913.98828125,0.9212446212768555,0.16291986405849457
1,connectome,230,34036.890625,0.9466949105262756,0.16866110265254974
1,connectome,231,31061.298828125,0.7798784375190735,0.1646701544523239
1,connectome,232,30127.70703125,0.6556780934333801,0.1494540125131607
1,connectome,233,32153.146484375,0.6981653571128845,0.1384594887495041
1,connectome,234,34610.19921875,0.8824726343154907,0.15865333378314972
1,connectome,235,34504.078125,0.9622058272361755,0.1683405041694641
1,connectome,236,31680.353515625,0.8204116821289062,0.16762390732765198
1,connectome,237,30046.65625,0.6701109409332275,0.1526494324207306
1,connectome,238,31593.27734375,0.6753604412078857,0.13886842131614685
1,connectome,239,34170.54296875,0.8385838866233826,0.15340733528137207
1,connectome,240,34822.6875,0.9659551382064819,0.1678524613380432
1,connectome,241,32345.9453125,0.8596388697624207,0.169014111161232
1,connectome,242,30135.0546875,0.6925022006034851,0.15564164519309998
1,connectome,243,31085.501953125,0.6604384183883667,0.14077135920524597
1,connectome,244,33645.33203125,0.7942603230476379,0.14802351593971252
1,connectome,245,34978.359375,0.9573657512664795,0.16672582924365997
1,connectome,246,33006.9140625,0.895008385181427,0.1692332923412323
1,connectome,247,30391.357421875,0.7218794226646423,0.15902163088321686
1,connectome,248,30660.1328125,0.653448224067688,0.14372698962688446
1,connectome,249,33081.4375,0.7533757090568542,0.14343106746673584
1,connectome,250,34957.67578125,0.9363829493522644,0.1646808683872223
1,connectome,251,33622.3515625,0.9245012402534485,0.1687150001525879
1,connectome,252,30800.841796875,0.7566735744476318,0.1628292202949524
1,connectome,253,30349.822265625,0.6544929146766663,0.14720532298088074
1,connectome,254,32509.005859375,0.7184964418411255,0.14044053852558136
1,connectome,255,34762.78125,0.9045078754425049,0.16154739260673523
1,connectome,256,34155.5703125,0.9459204077720642,0.1680866777896881
1,connectome,257,31330.802734375,0.7945455312728882,0.1662188172340393
1,connectome,258,30179.890625,0.6637946963310242,0.15049156546592712
1,connectome,259,31945.228515625,0.691005527973175,0.13939887285232544
1,connectome,260,34410.8515625,0.86473149061203,0.1571350246667862
1,connectome,261,34564.3984375,0.957070529460907,0.16752275824546814
1,connectome,262,31938.802734375,0.8326904773712158,0.16831569373607635
1,connectome,263,30167.46484375,0.6810852289199829,0.15356417000293732
1,connectome,264,31420.771484375,0.6714096069335938,0.1401369869709015
1,connectome,265,33942.52734375,0.8214936852455139,0.1520346999168396
1,connectome,266,34822.3671875,0.9567282795906067,0.1667490154504776
1,connectome,267,32574.39453125,0.8685982823371887,0.16900226473808289
1,connectome,268,30313.828125,0.7056077122688293,0.15683618187904358
1,random,0,68610.8671875,3.386383056640625,
1,random,1,69479.125,3.505063056945801,0.03629239276051521
1,random,2,70254.9609375,3.6190505027770996,0.03257265314459801
1,random,3,70971.875,3.720855951309204,0.02943926863372326
1,random,4,71612.421875,3.8166000843048096,0.026516228914260864
1,random,5,72211.5078125,3.9044642448425293,0.024077706038951874
1,random,6,72754.5,3.9865071773529053,0.021723534911870956
1,random,7,73261.171875,4.062780380249023,0.019794665277004242
1,random,8,73726.359375,4.133928298950195,0.017936863005161285
1,random,9,74160.4609375,4.200860500335693,0.016431618481874466
1,random,10,74562.1953125,4.263282775878906,0.014947496354579926
1,random,11,74937.34375,4.322032451629639,0.013717283494770527
1,random,12,75284.7578125,4.3765869140625,0.012546023353934288
1,random,13,75610.265625,4.4283881187438965,0.011570848524570465
1,random,14,75912.3125,4.4763312339782715,0.010653694160282612
1,random,15,76195.4296875,4.522050380706787,0.009895158931612968
1,random,16,76458.1171875,4.564127445220947,0.00914239976555109
1,random,17,76705.125,4.604403972625732,0.008529959246516228
1,random,18,76934.625,4.641376495361328,0.007912686094641685
1,random,19,77150.5703125,4.6769514083862305,0.0074082897044718266
1,random,20,77351.7265625,4.709561824798584,0.006893469486385584
1,random,21,77540.8046875,4.741001129150391,0.006465597078204155
1,random,22,77717.8671875,4.769904136657715,0.006030170246958733
1,random,23,77883.953125,4.797733306884766,0.005655804183334112
1,random,24,78040.1015625,4.823415756225586,0.005286143161356449
1,random,25,78186.375,4.848057746887207,0.004956277087330818
1,random,26,78324.3671875,4.87091064453125,0.004639794118702412
1,random,27,78453.3984375,4.892735004425049,0.004347332753241062
1,random,28,78575.1875,4.9130682945251465,0.004074502736330032
1,random,29,78689.03125,4.932401657104492,0.003817665856331587
1,random,30,78796.578125,4.9504876136779785,0.00358351762406528
1,random,31,78897.09375,4.967622756958008,0.003358550136908889
1,random,32,78992.28125,4.983710765838623,0.0031557048205286264
1,random,33,79081.28125,4.998908042907715,0.0029578653629869223
1,random,34,79165.5546875,5.01322603225708,0.002781606512144208
1,random,35,79244.2890625,5.026714324951172,0.002607791218906641
1,random,36,79318.796875,5.039423942565918,0.002454273635521531
1,random,37,79388.453125,5.051389217376709,0.002301734872162342
1,random,38,79454.4140625,5.062679767608643,0.002167705912142992
1,random,39,79516.140625,5.0733113288879395,0.0020346951205283403
1,random,40,79574.546875,5.083346366882324,0.0019175733905285597
1,random,41,79629.234375,5.092790126800537,0.0018022377043962479
1,random,42,79680.9609375,5.101701736450195,0.0016991118900477886
1,random,43,79729.40625,5.1100897789001465,0.0015978848095983267
1,random,44,79775.2109375,5.11800479888916,0.0015072351088747382
1,random,45,79818.109375,5.125459671020508,0.001418863539583981
1,random,46,79858.6484375,5.132491111755371,0.0013392670080065727
1,random,47,79896.6796875,5.139120578765869,0.0012621020432561636
1,random,48,79932.6171875,5.145371437072754,0.0011919948738068342
1,random,49,79966.3046875,5.151266574859619,0.001124100061133504
1,random,50,79999.640625,5.156660079956055,0.004443267825990915
1,random,51,80029.953125,5.1614298820495605,0.006660543382167816
1,random,52,80057.7265625,5.1660284996032715,0.007850340567529202
1,random,53,80084.2109375,5.170472145080566,0.007466927636414766
1,random,54,80109.0546875,5.174790859222412,0.006515636574476957
1,random,55,80132.7578125,5.178831577301025,0.005528847221285105
1,random,56,80154.9921875,5.182701110839844,0.0046804784797132015
1,random,57,80176.0,5.186352252960205,0.003976587206125259
1,random,58,80195.8359375,5.189802169799805,0.0034075924195349216
1,random,59,80214.9453125,5.193057060241699,0.0030632843263447285
1,random,60,80232.7578125,5.196157455444336,0.002765027806162834
1,random,61,80249.5390625,5.199045181274414,0.0024772370234131813
1,random,62,80265.28125,5.201831340789795,0.0022147472482174635
1,random,63,80280.203125,5.204408645629883,0.001984323374927044
1,random,64,80294.15625,5.206882476806641,0.001778398989699781
1,random,65,80307.4140625,5.2092156410217285,0.0015984616475179791
1,random,66,80319.828125,5.211435794830322,0.0014422835083678365
1,random,67,80331.984375,5.213519096374512,0.0014254789566621184
1,random,68,80343.296875,5.215503215789795,0.0013870657421648502
1,random,69,80353.9140625,5.2173638343811035,0.00130536372307688
1,random,70,80363.921875,5.219133377075195,0.0012038199929520488
1,random,71,80373.3125,5.220788478851318,0.0010917623294517398
1,random,72,80382.140625,5.222353458404541,0.0009833498625084758
1,random,73,80390.5078125,5.223848342895508,0.0008825127151794732
1,random,74,80398.3671875,5.225253582000732,0.0007954158936627209
1,random,75,80405.8125,5.226582050323486,0.0007174009224399924
1,random,76,80413.1640625,5.227834224700928,0.000779744063038379
1,random,77,80419.9765625,5.229020118713379,0.0008236213470809162
1,random,78,80426.359375,5.230140686035156,0.0008471625042147934
1,random,79,80432.2890625,5.231168270111084,0.0008291991543956101
1,random,80,80437.828125,5.2321600914001465,0.0007646676967851818
1,random,81,80443.1015625,5.233096122741699,0.0006843401351943612
1,random,82,80448.046875,5.233982563018799,0.000608233327511698
1,random,83,80452.71875,5.234814643859863,0.000537520507350564
1,random,84,80457.4375,5.235601902008057,0.0005777818732894957
1,random,85,80461.8046875,5.236344337463379,0.0005998736014589667
1,random,86,80465.859375,5.237046241760254,0.0006061464664526284
1,random,87,80469.609375,5.237699031829834,0.0005858298973180354
1,random,88,80473.09375,5.238325119018555,0.0005360289942473173
1,random,89,80476.421875,5.2389116287231445,0.00047664373414590955
1,random,90,80479.5546875,5.239473819732666,0.00042310383287258446
1,random,91,80482.4765625,5.239994525909424,0.000375356845324859
1,random,92,80485.53125,5.240495681762695,0.0004630249459296465
1,random,93,80488.203125,5.240960121154785,0.0005233648116700351
1,random,94,80490.703125,5.241410255432129,0.0005805122200399637
1,random,95,80493.03125,5.241827011108398,0.0006048348150216043
1,random,96,80495.21875,5.242222785949707,0.0005799115169793367
1,random,97,80497.28125,5.242591857910156,0.0005216962308622897
1,random,98,80499.25,5.242947578430176,0.00045944322482682765
1,random,99,80501.0859375,5.243275165557861,0.00040218690992332995
1,random,100,80502.8125,5.243593215942383,0.0003492932009976357
1,random,101,80504.890625,5.2438836097717285,0.00042655080324038863
1,random,102,80506.5390625,5.244168758392334,0.0004716535331681371
1,random,103,80508.078125,5.244439125061035,0.0005235890857875347
1,random,104,80509.453125,5.244692802429199,0.0005537490360438824
1,random,105,80510.7578125,5.2449235916137695,0.0005355382454581559
1,random,106,80511.984375,5.245152950286865,0.00048424190026707947
1,random,107,80513.171875,5.245370388031006,0.00042604340706020594
1,random,108,80514.2890625,5.245567798614502,0.00037183312815614045
1,random,109,80515.5546875,5.24576473236084,0.00042787089478224516
1,random,110,80516.609375,5.245940208435059,0.0004670616763178259
1,random,111,80517.6015625,5.246120929718018,0.0005099386908113956
1,random,112,80518.53125,5.246284484863281,0.0005288768443278968
1,random,113,80519.3984375,5.246441841125488,0.0005066185258328915
1,random,114,80520.203125,5.246588230133057,0.00046330958139151335
1,random,115,80520.984375,5.246732711791992,0.00041565363062545657
1,random,116,80521.6875,5.246860027313232,0.00036836511571891606
1,random,117,80522.375,5.246987342834473,0.0003239162324462086
1,random,118,80523.4609375,5.247099876403809,0.00041820420301519334
1,random,119,80524.203125,5.247206211090088,0.000493767496664077
1,random,120,80524.9375,5.247310638427734,0.0005898872623220086
1,random,121,80525.609375,5.247428894042969,0.0006537042208947241
1,random,122,80526.2109375,5.247518062591553,0.0006433258531615138
1,random,123,80526.734375,5.247603416442871,0.000594860001001507
1,random,124,80527.2421875,5.247689723968506,0.000533430662471801
1,random,125,80527.671875,5.247768402099609,0.00047048222040757537
1,random,126,80528.4140625,5.24784517288208,0.0005212618852965534
1,random,127,80528.859375,5.247912406921387,0.0005617467104457319
1,random,128,80529.390625,5.247982501983643,0.0006001599249430001
1,random,129,80529.859375,5.2480597496032715,0.0006031259545125067
1,random,130,80530.3046875,5.248117923736572,0.0005624659243039787
1,random,131,80530.65625,5.248177528381348,0.0005075977533124387
1,random,132,80531.0,5.248232364654541,0.0004470123676583171
1,random,133,80531.3046875,5.248288154602051,0.00039122728048823774
1,random,134,80532.1328125,5.248335361480713,0.00045949555351398885
1,random,135,80532.3828125,5.2484002113342285,0.0005374502507038414
1,random,136,80532.5390625,5.248436450958252,0.0006376935634762049
1,random,137,80532.6953125,5.248475551605225,0.0007094235625118017
1,random,138,80532.90625,5.248534202575684,0.0007128599681891501
1,random,139,80533.15625,5.248571872711182,0.0006785739678889513
1,random,140,80533.3359375,5.248588562011719,0.0006161422934383154
1,random,141,80533.53125,5.2486252784729,0.0005494495271705091
1,random,142,80533.71875,5.248650074005127,0.0004846556403208524
1,random,143,80534.46875,5.248683452606201,0.0005382802919484675
1,random,144,80534.8359375,5.248721122741699,0.0005963687435723841
1,random,145,80534.9453125,5.248741626739502,0.00066876265918836
1,random,146,80535.140625,5.248770713806152,0.0007053529261611402
1,random,147,80535.3125,5.248819828033447,0.0006861345027573407
1,random,148,80535.53125,5.248840808868408,0.000639033445622772
1,random,149,80535.6796875,5.248844146728516,0.0005709712859243155
1,random,150,80535.828125,5.2488694190979,0.0005038378294557333
1,random,151,80536.2265625,5.248880863189697,0.0005582623416557908
1,random,152,80536.3984375,5.248905658721924,0.0005960508715361357
1,random,153,80536.5859375,5.24891471862793,0.0006370395421981812
1,random,154,80536.671875,5.248933792114258,0.0006441055447794497
1,random,155,80536.8359375,5.248948574066162,0.0006058212602511048
1,random,156,80536.9296875,5.248963832855225,0.0005495180375874043
1,random,157,80537.0859375,5.248978614807129,0.0004892515134997666
1,random,158,80537.171875,5.248991012573242,0.0004303425666876137
1,random,159,80537.28125,5.249000549316406,0.0003775088407564908
1,random,160,80537.8046875,5.249007701873779,0.0004643422143999487
1,random,161,80538.0,5.249011039733887,0.0005329666309989989
1,random,162,80538.2421875,5.249017715454102,0.0006199930794537067
1,random,163,80538.3984375,5.249042510986328,0.0006726494757458568
1,random,164,80538.5703125,5.24904727935791,0.0006555126165039837
1,random,165,80538.6875,5.24905252456665,0.0006029594223946333
1,random,166,80538.796875,5.249067306518555,0.0005392076564021409
1,random,167,80538.8828125,5.249079704284668,0.0004746769554913044
1,random,168,80539.2578125,5.249084949493408,0.0005163092282600701
1,random,169,80539.390625,5.249093532562256,0.000533560523763299
1,random,170,80539.5625,5.249105453491211,0.0005469550960697234
1,random,171,80539.6796875,5.249126434326172,0.0005350276478566229
1,random,172,80539.8359375,5.249134063720703,0.0004975041374564171
1,random,173,80539.90625,5.249143600463867,0.00044698326382786036
1,random,174,80540.015625,5.24915075302124,0.000395075447158888
1,random,175,80540.078125,5.24916410446167,0.00034818623680621386
1,random,176,80540.4765625,5.249168872833252,0.0004334317927714437
1,random,177,80540.578125,5.249181747436523,0.0004889863193966448
1,random,178,80540.6875,5.249197483062744,0.0005504398723132908
1,random,179,80540.71875,5.249209403991699,0.0005891278851777315
1,random,180,80540.8125,5.249212741851807,0.0005729719414375722
1,random,181,80540.8515625,5.249228000640869,0.0005175860715098679
1,random,182,80540.9609375,5.2492475509643555,0.00045435287756845355
1,random,183,80541.0390625,5.2492570877075195,0.0003956274304073304
1,random,184,80541.1328125,5.249274730682373,0.0003400789573788643
1,random,185,80541.5234375,5.249281883239746,0.0004187466693110764
1,random,186,80541.65625,5.249294757843018,0.00047023736988194287
1,random,187,80541.796875,5.24931001663208,0.0005218018195591867
1,random,188,80541.84375,5.249322414398193,0.0005390713922679424
1,random,189,80541.9140625,5.249326229095459,0.0005072931526228786
1,random,190,80541.984375,5.249339580535889,0.00044934425386600196
1,random,191,80542.0625,5.249352931976318,0.0003906165075022727
1,random,192,80542.15625,5.249365329742432,0.0003378504770807922
1,random,193,80542.34375,5.249381065368652,0.00039623366319574416
1,random,194,80542.4921875,5.249391078948975,0.0004450419219210744
1,random,195,80542.59375,5.249405860900879,0.0004867124662268907
1,random,196,80542.65625,5.249414920806885,0.000503260176628828
1,random,197,80542.7421875,5.249427318572998,0.00047387302038259804
1,random,198,80542.796875,5.249438285827637,0.00042472686618566513
1,random,199,80542.859375,5.24944543838501,0.0003754474164452404
1,random,200,80542.8984375,5.249455451965332,0.00032941222889348865
1,random,201,80542.9296875,5.249461650848389,0.00028775789542123675
1,random,202,80543.4375,5.249471187591553,0.00038123209378682077
1,random,203,80543.6953125,5.24948263168335,0.00045765985851176083
1,random,204,80543.8515625,5.249489784240723,0.0005278164171613753
1,random,205,80543.921875,5.249499797821045,0.0005689227255061269
1,random,206,80544.0234375,5.249510288238525,0.0005466044531203806
1,random,207,80544.078125,5.249520301818848,0.0004934508469887078
1,random,208,80544.1484375,5.249527454376221,0.00043667678255587816
1,random,209,80544.1953125,5.249536514282227,0.00038111116737127304
1,random,210,80544.5546875,5.249542713165283,0.00045059097465127707
1,random,211,80544.8203125,5.2495551109313965,0.000505627307575196
1,random,212,80544.9375,5.24956750869751,0.0005499484832398593
1,random,213,80545.015625,5.249557018280029,0.000575056707020849
1,random,214,80545.078125,5.249567985534668,0.0005620033480226994
1,random,215,80545.140625,5.249578475952148,0.0005222613690420985
1,random,216,80545.2109375,5.249606609344482,0.00047383125638589263
1,random,217,80545.296875,5.2496185302734375,0.0004292069934308529
1,random,218,80545.71875,5.2496442794799805,0.0004995816270820796
1,random,219,80545.984375,5.249659538269043,0.0005567552288994193
1,random,220,80546.21875,5.249688148498535,0.0006031719967722893
1,random,221,80546.3828125,5.249712944030762,0.0006249552243389189
1,random,222,80546.5703125,5.2497453689575195,0.0006071676616556942
1,random,223,80546.6875,5.249768257141113,0.0005640395102091134
1,random,224,80546.859375,5.2498250007629395,0.0005105638410896063
1,random,225,80546.9921875,5.24985408782959,0.00046197776100598276
1,random,226,80547.1875,5.249903202056885,0.00041780315223149955
1,random,227,80547.328125,5.249932765960693,0.00037630624137818813
1,random,228,80547.484375,5.249972343444824,0.0003374321386218071
1,random,229,80547.640625,5.25,0.0003021645243279636
1,random,230,80547.78125,5.250032424926758,0.00027025563758797944
1,random,231,80547.921875,5.250058650970459,0.0002417792857158929
1,random,232,80548.046875,5.250083923339844,0.00021672615548595786
1,random,233,80548.171875,5.250106334686279,0.00019465235527604818
1,random,234,80548.28125,5.250128269195557,0.00017508206656202674
1,random,235,80548.390625,5.250148296356201,0.00015778213855810463
1,random,236,80548.4765625,5.2501654624938965,0.00014251806715037674
1,random,237,80548.5703125,5.250182628631592,0.00012899842113256454
1,random,238,80548.6484375,5.250196933746338,0.00011690970859490335
1,random,239,80548.7265625,5.250211715698242,0.00010595728235784918
1,random,240,80548.796875,5.250223636627197,9.603171201888472e-05
1,random,241,80548.859375,5.250236511230469,8.696254371898249e-05
1,random,242,80548.921875,5.250247001647949,7.872759306337684e-05
1,random,243,80548.9765625,5.25025749206543,7.129722507670522e-05
1,random,244,80549.03125,5.250267028808594,6.452829256886616e-05
1,random,245,80549.078125,5.2502760887146,5.8463487221160904e-05
1,random,246,80549.1171875,5.250284671783447,5.2963423513574526e-05
1,random,247,80549.1640625,5.2502923011779785,4.8038240493042395e-05
1,random,248,80549.203125,5.250299453735352,4.355798228061758e-05
1,random,249,80549.234375,5.250306129455566,3.9578520954819396e-05
1,random,250,80549.2734375,5.250312328338623,3.5952973121311516e-05
1,random,251,80549.296875,5.2503180503845215,3.2748190278653055e-05
1,random,252,80549.328125,5.25032377243042,2.981040597660467e-05
1,random,253,80549.3515625,5.250328540802002,2.7199192118132487e-05
1,random,254,80549.390625,5.250333309173584,2.479258728271816e-05
1,random,255,80549.40625,5.250337600708008,2.2659534806734882e-05
1,random,256,80549.4375,5.250341892242432,2.0682569811469875e-05
1,random,257,80549.453125,5.250345230102539,1.8930011719930917e-05
1,random,258,80549.46875,5.250349044799805,1.7304195353062823e-05
1,random,259,80549.484375,5.250351905822754,1.5865402019699104e-05
1,random,260,80549.5078125,5.250355243682861,1.4535705304297153e-05
1,random,261,80549.515625,5.250357627868652,1.3358887372305617e-05
1,random,262,80549.53125,5.250360488891602,1.227256598212989e-05
1,random,263,80549.546875,5.250362873077393,1.1312520655337721e-05
1,random,264,80549.5546875,5.250365257263184,1.042020448949188e-05
1,random,265,80549.5703125,5.250367164611816,9.627819963498041e-06
1,random,266,80549.578125,5.250369071960449,8.890654498827644e-06
1,random,267,80549.59375,5.250370979309082,8.234005690610502e-06
1,random,268,80549.59375,5.250372886657715,7.619806183356559e-06
2,connectome,0,28051.404296875,0.36190396547317505,
2,connectome,1,28230.78515625,0.37907159328460693,0.025736261159181595
2,connectome,2,28162.689453125,0.3829527497291565,0.020610900595784187
2,connectome,3,28029.3671875,0.3791811764240265,0.013740005902945995
2,connectome,4,27896.625,0.3761734366416931,0.015368054620921612
2,connectome,5,27805.244140625,0.3728857934474945,0.011653882451355457
2,connectome,6,27827.9375,0.37198230624198914,0.01016746275126934
2,connectome,7,27955.533203125,0.3764602243900299,0.00882093608379364
2,connectome,8,28047.2734375,0.38111650943756104,0.006471103057265282
2,connectome,9,28041.35546875,0.3817797601222992,0.004675402771681547
2,connectome,10,28006.486328125,0.38073137402534485,0.003596630645915866
2,connectome,11,27989.802734375,0.38046202063560486,0.0032531097531318665
2,connectome,12,27991.68359375,0.38056662678718567,0.002854514168575406
2,connectome,13,28009.51171875,0.38070428371429443,0.002320186933502555
2,connectome,14,28035.755859375,0.3814023733139038,0.001936175860464573
2,connectome,15,28051.16015625,0.3823498785495758,0.001777332741767168
2,connectome,16,28047.21875,0.38264116644859314,0.0017193352105095983
2,connectome,17,28036.3203125,0.38230100274086,0.0014687118818983436
2,connectome,18,28030.78515625,0.3820188641548157,0.0012740077218040824
2,connectome,19,28030.90625,0.38203075528144836,0.0010802351171150804
2,connectome,20,28033.158203125,0.38211557269096375,0.0009475425467826426
2,connectome,21,28036.01171875,0.3821718692779541,0.0008317306055687368
2,connectome,22,28037.02734375,0.3822302520275116,0.0007649904582649469
2,connectome,23,28033.96875,0.3822316825389862,0.0007600794779136777
2,connectome,24,28028.49609375,0.38211384415626526,0.0007146669086068869
2,connectome,25,28024.2265625,0.38194939494132996,0.0006618842016905546
2,connectome,26,28022.267578125,0.3818436861038208,0.0005923424614593387
2,connectome,27,28021.1484375,0.38180336356163025,0.0005277619347907603
2,connectome,28,28019.583984375,0.3817700743675232,0.000488120480440557
2,connectome,29,28017.41015625,0.3817097544670105,0.0004644901491701603
2,connectome,30,28014.751953125,0.38162729144096375,0.00045456085354089737
2,connectome,31,28011.798828125,0.38153648376464844,0.00043425129842944443
2,connectome,32,28009.01953125,0.3814469575881958,0.00040545861702412367
2,connectome,33,28006.787109375,0.3813660442829132,0.0003775348304770887
2,connectome,34,28004.9921875,0.3812970221042633,0.00035156295052729547
2,connectome,35,28003.23046875,0.38123619556427,0.0003301102260593325
2,connectome,36,28001.28515625,0.38117533922195435,0.0003136655723210424
2,connectome,37,27999.21484375,0.38110899925231934,0.00030187214724719524
2,connectome,38,27997.205078125,0.3810392916202545,0.0002896570658776909
2,connectome,39,27995.361328125,0.3809727132320404,0.0002736738824751228
2,connectome,40,27993.69140625,0.3809129595756531,0.0002565401082392782
2,connectome,41,27992.13671875,0.38085830211639404,0.00024202850181609392
2,connectome,42,27990.64453125,0.38080543279647827,0.00023028661962598562
2,connectome,43,27989.17578125,0.3807533383369446,0.00021969657973386347
2,connectome,44,27987.720703125,0.38070249557495117,0.0002092610957333818
2,connectome,45,27986.310546875,0.38065314292907715,0.00019936347962357104
2,connectome,46,27984.98046875,0.38060539960861206,0.00018964300397783518
2,connectome,47,27983.744140625,0.3805600702762604,0.00017983645375352353
2,connectome,48,27982.58203125,0.38051772117614746,0.0001701762666925788
2,connectome,49,27981.4609375,0.3804776668548584,0.00016165798297151923
2,connectome,50,27977.337890625,0.3801621198654175,0.003631930099800229
2,connectome,51,28006.423828125,0.3799125850200653,0.004097447730600834
2,connectome,52,28086.7265625,0.3796331286430359,0.011384009383618832
2,connectome,53,28171.54296875,0.3803722858428955,0.011400417424738407
2,connectome,54,28190.27734375,0.380200058221817,0.011827904731035233
2,connectome,55,28159.205078125,0.37874162197113037,0.010441489517688751
2,connectome,56,28170.1171875,0.3788622319698334,0.007882489822804928
2,connectome,57,28131.849609375,0.3795093297958374,0.006129780784249306
2,connectome,58,28112.46875,0.3798298239707947,0.005110412370413542
2,connectome,59,28119.5546875,0.3797873854637146,0.0041891708970069885
2,connectome,60,28121.228515625,0.38002222776412964,0.0035331561230123043
2,connectome,61,28096.66015625,0.38005590438842773,0.0033778673969209194
2,connectome,62,28070.32421875,0.379472017288208,0.0026002912782132626
2,connectome,63,28065.3984375,0.3790392279624939,0.0024132304824888706
2,connectome,64,28071.72265625,0.3792121410369873,0.0019106820691376925
2,connectome,65,28070.16796875,0.3795001208782196,0.001714217709377408
2,connectome,66,28063.990234375,0.37949562072753906,0.001426979317329824
2,connectome,67,28059.94140625,0.37933796644210815,0.0013345389161258936
2,connectome,68,28058.55078125,0.3792712390422821,0.00121850217692554
2,connectome,69,28056.009765625,0.3792463541030884,0.0013155590277165174
2,connectome,70,28054.6015625,0.3792206645011902,0.0011959905968979
2,connectome,71,28055.3203125,0.3791913688182831,0.001112439320422709
2,connectome,72,28056.75390625,0.37917694449424744,0.0009914343245327473
2,connectome,73,28056.1640625,0.3792093098163605,0.0008441545651294291
2,connectome,74,28053.13671875,0.3792186975479126,0.0007358281291089952
2,connectome,75,28050.634765625,0.3791697025299072,0.0006230404833331704
2,connectome,76,28049.87890625,0.37910717725753784,0.0006404700106941164
2,connectome,77,28051.046875,0.37909260392189026,0.0005972396465949714
2,connectome,78,28052.302734375,0.3790898323059082,0.0008548300247639418
2,connectome,79,28053.423828125,0.3790932595729828,0.0008211746462620795
2,connectome,80,28053.548828125,0.37906017899513245,0.0008341625216417015
2,connectome,81,28053.755859375,0.3790062963962555,0.0007537524215877056
2,connectome,82,28053.4453125,0.37901294231414795,0.000624141248408705
2,connectome,83,28051.857421875,0.3790324032306671,0.00056144391419366
2,connectome,84,28050.677734375,0.3790149390697479,0.0005794659955427051
2,connectome,85,28051.521484375,0.37897875905036926,0.0004938151105307043
2,connectome,86,28053.111328125,0.37896448373794556,0.000662141595967114
2,connectome,87,28053.75,0.37898412346839905,0.0006583168869838119
2,connectome,88,28053.01953125,0.3789578676223755,0.0006474084220826626
2,connectome,89,28053.00390625,0.3788932263851166,0.0006018298445269465
2,connectome,90,28053.40625,0.3788985013961792,0.000503552844747901
2,connectome,91,28052.666015625,0.3789374828338623,0.00044864523806609213
2,connectome,92,28051.68359375,0.37893760204315186,0.0005212185787968338
2,connectome,93,28052.546875,0.3789028525352478,0.0004626820154953748
2,connectome,94,28054.021484375,0.37888216972351074,0.0007500685169361532
2,connectome,95,28055.09375,0.378896564245224,0.0007647453458048403
2,connectome,96,28055.0078125,0.3788818120956421,0.0007902438519522548
2,connectome,97,28055.205078125,0.37883028388023376,0.0007197545492090285
2,connectome,98,28055.654296875,0.3788451850414276,0.0006091711693443358
2,connectome,99,28054.4296875,0.37887877225875854,0.0005455375066958368
2,connectome,100,28053.173828125,0.37887513637542725,0.0004769860242959112
2,connectome,101,28052.9921875,0.3788440227508545,0.000499357411172241
2,connectome,102,28054.4140625,0.37883907556533813,0.0004703607119154185
2,connectome,103,28056.322265625,0.3788306713104248,0.0006674880278296769
2,connectome,104,28057.486328125,0.378856897354126,0.0006404388113878667
2,connectome,105,28057.4453125,0.3788321316242218,0.0006487485952675343
2,connectome,106,28057.861328125,0.37876924872398376,0.0006003201706334949
2,connectome,107,28058.228515625,0.37878766655921936,0.0004937568446621299
2,connectome,108,28057.615234375,0.37884223461151123,0.0004418961761984974
2,connectome,109,28056.84375,0.3788488209247589,0.0004861402267124504
2,connectome,110,28057.578125,0.3788192868232727,0.0004265050229150802
2,connectome,111,28058.62890625,0.3788131773471832,0.0006539070163853467
2,connectome,112,28059.16015625,0.37882518768310547,0.0006596983876079321
2,connectome,113,28058.90234375,0.37881219387054443,0.000672215421218425
2,connectome,114,28058.986328125,0.37877291440963745,0.000618520425632596
2,connectome,115,28059.35546875,0.3787853717803955,0.0005205913330428302
2,connectome,116,28058.541015625,0.3788149356842041,0.00046442862367257476
2,connectome,117,28057.64453125,0.3788166344165802,0.00040219537913799286
2,connectome,118,28057.4609375,0.37879449129104614,0.00045074347872287035
2,connectome,119,28059.0390625,0.3787899911403656,0.0004384304629638791
2,connectome,120,28060.818359375,0.3787837326526642,0.0007129340665414929
2,connectome,121,28062.40625,0.37880706787109375,0.0006973988492973149
2,connectome,122,28062.673828125,0.3787972927093506,0.0007239779806695879
2,connectome,123,28063.31640625,0.37874916195869446,0.0006630528368987143
2,connectome,124,28063.767578125,0.37877222895622253,0.0005469011957757175
2,connectome,125,28062.734375,0.3788195848464966,0.0004903002991341054
2,connectome,126,28061.71484375,0.37881872057914734,0.0005294547299854457
2,connectome,127,28062.603515625,0.3787875473499298,0.00045097869588062167
2,connectome,128,28064.28515625,0.37878283858299255,0.0006561274640262127
2,connectome,129,28065.3046875,0.37880709767341614,0.0006566461524926126
2,connectome,130,28065.14453125,0.3787964880466461,0.0006616426398977637
2,connectome,131,28065.458984375,0.3787558972835541,0.000618763966485858
2,connectome,132,28065.982421875,0.3787742555141449,0.0005192648386582732
2,connectome,133,28065.111328125,0.37881162762641907,0.0004605294670909643
2,connectome,134,28064.1328125,0.37881430983543396,0.000519267690833658
2,connectome,135,28065.068359375,0.378788560628891,0.00045406087883748114
2,connectome,136,28066.6328125,0.37877750396728516,0.0007170480093918741
2,connectome,137,28067.794921875,0.37879687547683716,0.0007273958763107657
2,connectome,138,28067.9140625,0.378794401884079,0.0007456991588696837
2,connectome,139,28068.29296875,0.37875983119010925,0.0006734693888574839
2,connectome,140,28068.755859375,0.3787800967693329,0.0005732298595830798
2,connectome,141,28067.701171875,0.3788141906261444,0.0005140003631822765
2,connectome,142,28066.638671875,0.3788142204284668,0.0004480909265112132
2,connectome,143,28066.55859375,0.37878933548927307,0.0004656890232581645
2,connectome,144,28067.939453125,0.37878891825675964,0.00043996027670800686
2,connectome,145,28069.76953125,0.37878409028053284,0.000622481107711792
2,connectome,146,28070.94140625,0.3788106143474579,0.0005973231163807213
2,connectome,147,28071.236328125,0.37879621982574463,0.0006045927293598652
2,connectome,148,28071.818359375,0.37874937057495117,0.0005598574061878026
2,connectome,149,28072.189453125,0.3787723481655121,0.00046124961227178574
2,connectome,150,28071.57421875,0.3788239061832428,0.0004123449616599828
2,connectome,151,28070.7890625,0.37882670760154724,0.0004677294928114861
2,connectome,152,28071.62890625,0.37880024313926697,0.0004138602234888822
2,connectome,153,28072.828125,0.3787986636161804,0.0006671234150417149
2,connectome,154,28073.6171875,0.3788142502307892,0.0006806564633734524
2,connectome,155,28073.515625,0.37880760431289673,0.000705271668266505
2,connectome,156,28073.69140625,0.3787722885608673,0.0006446921033784747
2,connectome,157,28074.09375,0.3787873685359955,0.0005422644317150116
2,connectome,158,28073.1953125,0.37881749868392944,0.00048404926201328635
2,connectome,159,28072.306640625,0.3788203001022339,0.00041974615305662155
2,connectome,160,28072.20703125,0.3787989914417267,0.00046228893916122615
2,connectome,161,28073.845703125,0.3787975013256073,0.00044731085654348135
2,connectome,162,28075.77734375,0.37879160046577454,0.0007076251786202192
2,connectome,163,28077.40625,0.3788202404975891,0.0006888228235766292
2,connectome,164,28077.666015625,0.3788147568702698,0.0007109408034011722
2,connectome,165,28078.37109375,0.3787676990032196,0.0006536254659295082
2,connectome,166,28078.8828125,0.37879398465156555,0.0005378633504733443
2,connectome,167,28077.916015625,0.37884441018104553,0.0004822277114726603
2,connectome,168,28076.935546875,0.3788452446460724,0.0005137618281878531
2,connectome,169,28077.73828125,0.3788146674633026,0.00043744512367993593
2,connectome,170,28079.20703125,0.3788137435913086,0.0006280430243350565
2,connectome,171,28080.083984375,0.37883350253105164,0.0006286983261816204
2,connectome,172,28079.98828125,0.3788268566131592,0.0006318530649878085
2,connectome,173,28080.189453125,0.3787948191165924,0.0005882916157133877
2,connectome,174,28080.60546875,0.37881141901016235,0.0004937766934745014
2,connectome,175,28079.8203125,0.37884142994880676,0.00044008338591083884
2,connectome,176,28078.95703125,0.37884360551834106,0.0005108834593556821
2,connectome,177,28080.1640625,0.3788228929042816,0.00045197209692560136
2,connectome,178,28082.125,0.37880903482437134,0.0007335646660067141
2,connectome,179,28083.47265625,0.37884247303009033,0.0007472311262972653
2,connectome,180,28083.27734375,0.3788394033908844,0.0007657687528990209
2,connectome,181,28083.615234375,0.3787843883037567,0.0006965109496377409
2,connectome,182,28084.32421875,0.3788057267665863,0.0005917869857512414
2,connectome,183,28083.5,0.3788580000400543,0.0005268582608550787
2,connectome,184,28082.43359375,0.37886297702789307,0.00046276632929220796
2,connectome,185,28082.314453125,0.3788321316242218,0.0004917277256026864
2,connectome,186,28083.734375,0.3788333237171173,0.00046435417607426643
2,connectome,187,28085.4140625,0.37883251905441284,0.0006831499049440026
2,connectome,188,28086.630859375,0.3788517713546753,0.0006577263120561838
2,connectome,189,28087.052734375,0.378836452960968,0.0006756139919161797
2,connectome,190,28087.77734375,0.3787977695465088,0.0006248675636015832
2,connectome,191,28088.01953125,0.37882164120674133,0.0005145514151081443
2,connectome,192,28087.1875,0.3788644075393677,0.0004615464131347835
2,connectome,193,28086.375,0.3788662552833557,0.0004972622264176607
2,connectome,194,28087.263671875,0.3788425326347351,0.0004335375560913235
2,connectome,195,28088.51953125,0.3788417875766754,0.0006502631003968418
2,connectome,196,28089.265625,0.3788587749004364,0.0006549363606609404
2,connectome,197,28089.12890625,0.37885165214538574,0.0006653434247709811
2,connectome,198,28089.33984375,0.37881821393966675,0.0006077159196138382
2,connectome,199,28089.75390625,0.37883511185646057,0.0005117047694511712
2,connectome,200,28088.9140625,0.37886619567871094,0.00045761698856949806
2,connectome,201,28088.03125,0.3788691759109497,0.00039514590753242373
2,connectome,202,28087.92578125,0.3788481652736664,0.000440307630924508
2,connectome,203,28089.412109375,0.37884658575057983,0.0004261717840563506
2,connectome,204,28091.228515625,0.37884247303009033,0.0006806721794418991
2,connectome,205,28092.744140625,0.3788664638996124,0.0006661236402578652
2,connectome,206,28093.150390625,0.3788592219352722,0.0006923211622051895
2,connectome,207,28093.830078125,0.37881824374198914,0.0006367387250065804
2,connectome,208,28094.2578125,0.37884271144866943,0.0005254063871689141
2,connectome,209,28093.271484375,0.37888768315315247,0.00047008952242322266
2,connectome,210,28092.330078125,0.3788866400718689,0.0005226199282333255
2,connectome,211,28093.384765625,0.37885811924934387,0.00045399460941553116
2,connectome,212,28095.2109375,0.3788546323776245,0.0007012472487986088
2,connectome,213,28096.48046875,0.37888103723526,0.0007124021649360657
2,connectome,214,28096.42578125,0.3788735568523407,0.0007280970457941294
2,connectome,215,28096.57421875,0.3788301646709442,0.0006703815888613462
2,connectome,216,28097.05859375,0.3788480758666992,0.0005639765877276659
2,connectome,217,28096.1640625,0.37888553738594055,0.0005031827604398131
2,connectome,218,28095.208984375,0.3788899779319763,0.0005511031486093998
2,connectome,219,28096.24609375,0.37886640429496765,0.0004730433865915984
2,connectome,220,28098.173828125,0.37885451316833496,0.0006922294851392508
2,connectome,221,28099.236328125,0.3788883090019226,0.0006933722761459649
2,connectome,222,28098.80859375,0.3788806200027466,0.0006936609861440957
2,connectome,223,28099.03125,0.37882566452026367,0.0006332393968477845
2,connectome,224,28099.74609375,0.3788440525531769,0.000537250132765621
2,connectome,225,28099.216796875,0.3788968622684479,0.0004777151916641742
2,connectome,226,28098.310546875,0.3789048492908478,0.00041936879279091954
2,connectome,227,28097.998046875,0.37887540459632874,0.0003356311935931444
2,connectome,228,28097.974609375,0.3788720965385437,0.0003032039385288954
2,connectome,229,28097.396484375,0.3788813352584839,0.00027172366390004754
2,connectome,230,28096.66015625,0.37887096405029297,0.00021731214656028897
2,connectome,231,28096.5390625,0.3788573443889618,0.00018860350246541202
2,connectome,232,28096.875,0.3788641393184662,0.0001597705268068239
2,connectome,233,28096.970703125,0.37887781858444214,0.00014675402780994773
2,connectome,234,28096.73828125,0.3788791596889496,0.00012660876382142305
2,connectome,235,28096.51171875,0.37887078523635864,0.00010782029130496085
2,connectome,236,28096.404296875,0.3788646161556244,9.907614003168419e-05
2,connectome,237,28096.32421875,0.37886369228363037,8.615966362413019e-05
2,connectome,238,28096.26953125,0.3788641691207886,7.489244308089837e-05
2,connectome,239,28096.27734375,0.3788638114929199,6.256656342884526e-05
2,connectome,240,28096.30078125,0.37886321544647217,5.437902291305363e-05
2,connectome,241,28096.259765625,0.37886276841163635,4.8465586587553844e-05
2,connectome,242,28096.16796875,0.3788614571094513,4.400897159939632e-05
2,connectome,243,28096.09375,0.37885886430740356,3.801546336035244e-05
2,connectome,244,28096.06640625,0.3788565397262573,3.3623982744757086e-05
2,connectome,245,28096.06640625,0.3788558840751648,2.9013550374656916e-05
2,connectome,246,28096.060546875,0.3788561224937439,2.613831020426005e-05
2,connectome,247,28096.04296875,0.37885570526123047,2.2731113858753815e-05
2,connectome,248,28096.01953125,0.3788544237613678,2.002310793614015e-05
2,connectome,249,28095.98828125,0.3788532614707947,1.778982004907448e-05
2,connectome,250,28095.962890625,0.3788524568080902,1.6216663425439037e-05
2,connectome,251,28095.943359375,0.37885168194770813,1.4246740647649858e-05
2,connectome,252,28095.93359375,0.37885093688964844,1.2553922715596855e-05
2,connectome,253,28095.92578125,0.37885043025016785,1.089134002540959e-05
2,connectome,254,28095.9140625,0.3788501024246216,9.979723472497426e-06
2,connectome,255,28095.896484375,0.3788495361804962,8.989257366920356e-06
2,connectome,256,28095.87890625,0.3788488209247589,8.107910616672598e-06
2,connectome,257,28095.8671875,0.37884819507598877,7.211762294900836e-06
2,connectome,258,28095.857421875,0.37884777784347534,6.524740911117988e-06
2,connectome,259,28095.84765625,0.3788473904132843,5.8805185290111694e-06
2,connectome,260,28095.8359375,0.3788469731807709,5.3048697736812755e-06
2,connectome,261,28095.828125,0.3788466155529022,4.766605798067758e-06
2,connectome,262,28095.818359375,0.37884625792503357,4.374559921416221e-06
2,connectome,263,28095.810546875,0.3788459002971649,4.016413186036516e-06
2,connectome,264,28095.796875,0.3788455128669739,3.6896992696711095e-06
2,connectome,265,28095.79296875,0.37884521484375,3.3458254620200023e-06
2,connectome,266,28095.78125,0.3788449466228485,3.040298679479747e-06
2,connectome,267,28095.77734375,0.378844678401947,2.7842604595207376e-06
2,connectome,268,28095.767578125,0.37884441018104553,2.581351509434171e-06
2,random,0,67986.171875,3.425941228866577,
2,random,1,68854.328125,3.552992582321167,0.032319072633981705
2,random,2,69636.6015625,3.6704607009887695,0.02872505970299244
2,random,3,70355.6484375,3.779738664627075,0.025796247646212578
2,random,4,71010.7578125,3.881312608718872,0.023189324885606766
2,random,5,71613.8359375,3.9753870964050293,0.021038535982370377
2,random,6,72171.609375,4.064105033874512,0.01904635690152645
2,random,7,72683.5625,4.145587921142578,0.01738135702908039
2,random,8,73160.4453125,4.2227091789245605,0.015860669314861298
2,random,9,73598.6953125,4.293984889984131,0.014563566073775291
2,random,10,74005.828125,4.3608784675598145,0.013347231782972813
2,random,11,74382.34375,4.423144340515137,0.012314633466303349
2,random,12,74732.421875,4.481712341308594,0.011353744193911552
2,random,13,75058.671875,4.536464691162109,0.010530252009630203
2,random,14,75361.953125,4.5879411697387695,0.00977105088531971
2,random,15,75645.71875,4.636074542999268,0.00909578800201416
2,random,16,75909.84375,4.681180000305176,0.008458994328975677
2,random,17,76157.140625,4.7236857414245605,0.007894218899309635
2,random,18,76388.1640625,4.763477325439453,0.007363189943134785
2,random,19,76604.7734375,4.801053047180176,0.006892463192343712
2,random,20,76807.796875,4.836271286010742,0.0064447373151779175
2,random,21,76998.265625,4.869611740112305,0.006039268337190151
2,random,22,77177.453125,4.900961399078369,0.0056592682376503944
2,random,23,77345.6875,4.930631637573242,0.005307750776410103
2,random,24,77504.046875,4.958606243133545,0.004988124594092369
2,random,25,77652.921875,4.985097885131836,0.0046880245208740234
2,random,26,77793.25,5.01010274887085,0.004416279960423708
2,random,27,77925.296875,5.033771514892578,0.004158711992204189
2,random,28,78049.828125,5.056140422821045,0.003922618925571442
2,random,29,78167.109375,5.077332496643066,0.003698166459798813
2,random,30,78277.953125,5.097348690032959,0.0034922074992209673
2,random,31,78382.546875,5.116313457489014,0.0032918856013566256
2,random,32,78481.46875,5.134241104125977,0.003108191303908825
2,random,33,78574.71875,5.1512298583984375,0.002935033990070224
2,random,34,78662.8203125,5.16729211807251,0.0027746392879635096
2,random,35,78745.8515625,5.1825056076049805,0.0026218018028885126
2,random,36,78824.25,5.196871280670166,0.0024777851067483425
2,random,37,78898.1328125,5.210477828979492,0.0023412834852933884
2,random,38,78967.9453125,5.223351955413818,0.0022144464310258627
2,random,39,79033.796875,5.2355451583862305,0.0020942133851349354
2,random,40,79096.0703125,5.2470879554748535,0.0019821717869490385
2,random,41,79154.8671875,5.258020401000977,0.001876013702712953
2,random,42,79210.4921875,5.268380165100098,0.0017776445019990206
2,random,43,79263.03125,5.278192520141602,0.001682920497842133
2,random,44,79312.703125,5.287483215332031,0.0015944958431646228
2,random,45,79359.578125,5.296274185180664,0.0015096399001777172
2,random,46,79403.90625,5.304593563079834,0.0014307022793218493
2,random,47,79445.7421875,5.312461853027344,0.001354970969259739
2,random,48,79485.2890625,5.3199052810668945,0.0012842132709920406
2,random,49,79522.6171875,5.326943397521973,0.0012165267253294587
2,random,50,79559.796875,5.333436012268066,0.004529123660176992
2,random,51,79593.875,5.339282989501953,0.006710139103233814
2,random,52,79625.4609375,5.344907283782959,0.007824401371181011
2,random,53,79655.5,5.350351810455322,0.007346619386225939
2,random,54,79683.46875,5.355593681335449,0.006301957182586193
2,random,55,79710.2265625,5.360534191131592,0.005252419505268335
2,random,56,79735.59375,5.365286350250244,0.004355542361736298
2,random,57,79759.3828125,5.369723796844482,0.003612855216488242
2,random,58,79781.859375,5.373942852020264,0.0030266933608800173
2,random,59,79803.4921875,5.377929210662842,0.002663765335455537
2,random,60,79823.6953125,5.381697177886963,0.0023553320206701756
2,random,61,79842.75,5.385274887084961,0.0020734670106321573
2,random,62,79860.7421875,5.388648509979248,0.0018109369557350874
2,random,63,79877.7265625,5.391826629638672,0.0015880599385127425
2,random,64,79893.6796875,5.394828796386719,0.0013912643771618605
2,random,65,79908.8515625,5.397681713104248,0.001226397231221199
2,random,66,79923.0625,5.400373935699463,0.001090246019884944
2,random,67,79936.9921875,5.402918815612793,0.0010947339469566941
2,random,68,79949.890625,5.405324459075928,0.0010819744784384966
2,random,69,79962.046875,5.407604217529297,0.0010389036033302546
2,random,70,79973.5078125,5.409763336181641,0.000969995220657438
2,random,71,79984.3359375,5.411791801452637,0.0008804128156043589
2,random,72,79994.484375,5.4137163162231445,0.0007894520531408489
2,random,73,80004.1640625,5.415544033050537,0.0007035572198219597
2,random,74,80013.2265625,5.417264938354492,0.0006316229118965566
2,random,75,80021.84375,5.418900012969971,0.0005678936140611768
2,random,76,80030.375,5.420436382293701,0.000643494538962841
2,random,77,80038.1796875,5.42189884185791,0.0006969365058466792
2,random,78,80045.6015625,5.423281192779541,0.0007366834324784577
2,random,79,80052.46875,5.4245429039001465,0.0007397877052426338
2,random,80,80058.921875,5.4257683753967285,0.0006872985977679491
2,random,81,80065.0234375,5.42692756652832,0.0006149806431494653
2,random,82,80070.8046875,5.428022861480713,0.0005422438844107091
2,random,83,80076.25,5.429052352905273,0.0004738721181638539
2,random,84,80081.796875,5.430031776428223,0.0005161439767107368
2,random,85,80086.8125,5.4309515953063965,0.0005400058580562472
2,random,86,80091.5390625,5.431826114654541,0.0005520122358575463
2,random,87,80095.9296875,5.432642459869385,0.0005391681334003806
2,random,88,80100.0703125,5.433421611785889,0.0004918521153740585
2,random,89,80103.9296875,5.434149742126465,0.0004346096538938582
2,random,90,80107.609375,5.434841156005859,0.0003798950929194689
2,random,91,80111.0625,5.435495853424072,0.00033056983374990523
2,random,92,80114.59375,5.436119556427002,0.0004172283806838095
2,random,93,80117.78125,5.43670654296875,0.00047105213161557913
2,random,94,80120.7890625,5.437265396118164,0.0005344350356608629
2,random,95,80123.578125,5.437793731689453,0.0005646932986564934
2,random,96,80126.2421875,5.438292503356934,0.0005406039417721331
2,random,97,80128.7265625,5.4387640953063965,0.0004828601377084851
2,random,98,80131.078125,5.439211845397949,0.00041929646977223456
2,random,99,80133.3046875,5.439633846282959,0.00036036447272635996
2,random,100,80135.40625,5.440034866333008,0.00030546975904144347
2,random,101,80137.8125,5.440412998199463,0.00038208375917747617
2,random,102,80139.890625,5.440771102905273,0.00042245403164997697
2,random,103,80141.8359375,5.441120624542236,0.0004786845820490271
2,random,104,80143.5859375,5.44144868850708,0.0005123952287249267
2,random,105,80145.28125,5.441760063171387,0.0004972179303877056
2,random,106,80146.84375,5.442061901092529,0.0004468303231988102
2,random,107,80148.328125,5.442349910736084,0.000389589840779081
2,random,108,80149.734375,5.442613124847412,0.0003371453785803169
2,random,109,80151.296875,5.442867755889893,0.0003942146722692996
2,random,110,80152.59375,5.443099498748779,0.0004353929834906012
2,random,111,80153.921875,5.443333148956299,0.0004833565326407552
2,random,112,80155.1328125,5.443562984466553,0.0005081972340121865
2,random,113,80156.25,5.443768501281738,0.0004874209116678685
2,random,114,80157.28125,5.443964004516602,0.00044060967047698796
2,random,115,80158.25,5.444151401519775,0.0003895410627592355
2,random,116,80159.171875,5.4443278312683105,0.00033869745675474405
2,random,117,80160.03125,5.444492340087891,0.00029274652479216456
2,random,118,80161.171875,5.4446516036987305,0.00038619653787463903
2,random,119,80162.0703125,5.444795608520508,0.00046365585876628757
2,random,120,80163.0625,5.444944381713867,0.0005640212330035865
2,random,121,80163.921875,5.445101737976074,0.0006354900542646646
2,random,122,80164.71875,5.4452314376831055,0.0006281431997194886
2,random,123,80165.390625,5.445357322692871,0.0005750510608777404
2,random,124,80166.0390625,5.4454755783081055,0.0005107606411911547
2,random,125,80166.640625,5.445592880249023,0.00044376373989507556
2,random,126,80167.4765625,5.44569730758667,0.0004930401919409633
2,random,127,80168.0859375,5.445797920227051,0.00052853231318295
2,random,128,80168.7578125,5.445897102355957,0.0005648070946335793
2,random,129,80169.296875,5.44600248336792,0.0005647288635373116
2,random,130,80169.8046875,5.446089267730713,0.0005248513189144433
2,random,131,80170.2578125,5.446175575256348,0.0004658928082790226
2,random,132,80170.6953125,5.446255207061768,0.0004063140950165689
2,random,133,80171.0859375,5.446333408355713,0.0003489507071208209
2,random,134,80171.84375,5.4464030265808105,0.0004177408991381526
2,random,135,80172.265625,5.446483135223389,0.0004920450155623257
2,random,136,80172.609375,5.446544647216797,0.0005934414803050458
2,random,137,80172.8359375,5.446601390838623,0.0006626188987866044
2,random,138,80173.109375,5.446664333343506,0.000666753388941288
2,random,139,80173.3984375,5.446716785430908,0.0006239480571821332
2,random,140,80173.6640625,5.446748733520508,0.0005566991167142987
2,random,141,80173.875,5.446802139282227,0.0004864546353928745
2,random,142,80174.109375,5.446830749511719,0.0004202061682008207
2,random,143,80174.8359375,5.44688081741333,0.00047282304149121046
2,random,144,80175.25,5.446924209594727,0.0005335542373359203
2,random,145,80175.546875,5.446964740753174,0.0006093385745771229
2,random,146,80175.765625,5.447010040283203,0.0006504060002043843
2,random,147,80176.0078125,5.44705057144165,0.0006373312207870185
2,random,148,80176.234375,5.4471025466918945,0.0005890385364182293
2,random,149,80176.453125,5.447117805480957,0.0005237713921815157
2,random,150,80176.609375,5.447160720825195,0.0004585019778460264
2,random,151,80177.0625,5.447177886962891,0.0005142261506989598
2,random,152,80177.21875,5.447213172912598,0.0005539108533412218
2,random,153,80177.53125,5.447232723236084,0.0005999746499583125
2,random,154,80177.7109375,5.447271347045898,0.0006133638089522719
2,random,155,80177.921875,5.447300434112549,0.0005786424153484404
2,random,156,80178.078125,5.447319507598877,0.0005189332296140492
2,random,157,80178.2578125,5.447350978851318,0.00045631808461621404
2,random,158,80178.375,5.447373867034912,0.0003948408702854067
2,random,159,80178.5234375,5.4473958015441895,0.0003416284453123808
2,random,160,80178.984375,5.447422027587891,0.0004279233398847282
2,random,161,80179.203125,5.447436332702637,0.0004995734780095518
2,random,162,80179.6015625,5.447463512420654,0.000591121322941035
2,random,163,80179.859375,5.447503566741943,0.0006526508368551731
2,random,164,80180.125,5.447527885437012,0.000639240606687963
2,random,165,80180.296875,5.447551250457764,0.000583743560127914
2,random,166,80180.4765625,5.4475812911987305,0.0005184721085242927
2,random,167,80180.625,5.447608470916748,0.0004503946111071855
2,random,168,80180.9921875,5.447630882263184,0.0004905768437311053
2,random,169,80181.1640625,5.447651386260986,0.0005074067739769816
2,random,170,80181.4296875,5.447675704956055,0.0005223246407695115
2,random,171,80181.6171875,5.447705268859863,0.0005107169272378087
2,random,172,80181.8046875,5.447727680206299,0.0004702960723079741
2,random,173,80181.9296875,5.44774866104126,0.0004155882925260812
2,random,174,80182.0625,5.447771072387695,0.00036122353048995137
2,random,175,80182.1875,5.447794437408447,0.0003123119822703302
2,random,176,80182.625,5.447812557220459,0.0003973469720222056
2,random,177,80182.8671875,5.4478325843811035,0.0004464476660359651
2,random,178,80183.0625,5.447858810424805,0.0005112889921292663
2,random,179,80183.15625,5.447878360748291,0.0005537005490623415
2,random,180,80183.2578125,5.447890758514404,0.0005365128163248301
2,random,181,80183.34375,5.4479169845581055,0.0004806369834113866
2,random,182,80183.453125,5.44793701171875,0.00041633594082668424
2,random,183,80183.578125,5.447956085205078,0.000356205680873245
2,random,184,80183.65625,5.4479756355285645,0.00029891275335103273
2,random,185,80184.046875,5.447991847991943,0.0003772661439143121
2,random,186,80184.3125,5.448009490966797,0.00042360444786027074
2,random,187,80184.5234375,5.448030948638916,0.0004796271678060293
2,random,188,80184.65625,5.448052406311035,0.0005027978913858533
2,random,189,80184.796875,5.448070049285889,0.0004732359666377306
2,random,190,80184.8984375,5.448095321655273,0.0004161846882198006
2,random,191,80185.0078125,5.448112487792969,0.0003564869984984398
2,random,192,80185.1171875,5.448129177093506,0.00030245506786741316
2,random,193,80185.4140625,5.448146343231201,0.0003591940621845424
2,random,194,80185.59375,5.44815731048584,0.0004005608498118818
2,random,195,80185.6875,5.4481706619262695,0.00044006650568917394
2,random,196,80185.7890625,5.448182106018066,0.00045902482816018164
2,random,197,80185.875,5.448196887969971,0.00042959771235473454
2,random,198,80185.9453125,5.448208808898926,0.0003788585599977523
2,random,199,80186.0,5.448215484619141,0.00032655088580213487
2,random,200,80186.0625,5.448226451873779,0.00027805042918771505
2,random,201,80186.1015625,5.448233604431152,0.00023567354946862906
2,random,202,80186.734375,5.448245048522949,0.0003294541093055159
2,random,203,80186.953125,5.448257923126221,0.00040325793088413775
2,random,204,80187.09375,5.448263168334961,0.00047974451445043087
2,random,205,80187.1484375,5.44826078414917,0.0005298365722410381
2,random,206,80187.203125,5.44826078414917,0.0005094905500300229
2,random,207,80187.2109375,5.448263168334961,0.00045546278124675155
2,random,208,80187.234375,5.448261737823486,0.0003947841178160161
2,random,209,80187.25,5.4482645988464355,0.0003363819560036063
2,random,210,80187.65625,5.448263645172119,0.0004044201923534274
2,random,211,80187.84375,5.448271751403809,0.0004581027023959905
2,random,212,80187.984375,5.448281764984131,0.0005119850975461304
2,random,213,80188.0546875,5.448254108428955,0.0005474146455526352
2,random,214,80188.1015625,5.4482598304748535,0.000539736298378557
2,random,215,80188.1015625,5.448257923126221,0.0004988706205040216
2,random,216,80188.140625,5.448261737823486,0.00044757057912647724
2,random,217,80188.1640625,5.448261260986328,0.000401181896449998
2,random,218,80188.5390625,5.44826602935791,0.0004694842791650444
2,random,219,80188.765625,5.448263168334961,0.000527377356775105
2,random,220,80188.875,5.448276042938232,0.0005817965138703585
2,random,221,80188.984375,5.4482831954956055,0.0006055257399566472
2,random,222,80189.109375,5.448297500610352,0.0005850240704603493
2,random,223,80189.1328125,5.448289394378662,0.0005340385832823813
2,random,224,80189.2421875,5.448309421539307,0.0004752808017656207
2,random,225,80189.296875,5.448313236236572,0.0004244474694132805
2,random,226,80189.3984375,5.4483232498168945,0.0003768695460166782
2,random,227,80189.4296875,5.4483256340026855,0.000333851610776037
2,random,228,80189.4921875,5.448333740234375,0.00029300444293767214
2,random,229,80189.5390625,5.448338985443115,0.00025659080711193383
2,random,230,80189.59375,5.448341369628906,0.0002243346971226856
2,random,231,80189.6171875,5.448343753814697,0.0001963945833267644
2,random,232,80189.65625,5.4483442306518555,0.00017213495448231697
2,random,233,80189.6796875,5.448347568511963,0.00015140511095523834
2,random,234,80189.71875,5.448348045349121,0.00013353224494494498
2,random,235,80189.734375,5.44835090637207,0.00011789151176344603
2,random,236,80189.765625,5.44835090637207,0.00010423678759252653
2,random,237,80189.78125,5.448352336883545,9.212141594616696e-05
2,random,238,80189.8125,5.448352813720703,8.161349251167849e-05
2,random,239,80189.828125,5.4483537673950195,7.232419011415914e-05
2,random,240,80189.84375,5.448354244232178,6.434336683014408e-05
2,random,241,80189.859375,5.448355197906494,5.73825636820402e-05
2,random,242,80189.875,5.448355674743652,5.137794869369827e-05
2,random,243,80189.8984375,5.448355674743652,4.617787271854468e-05
2,random,244,80189.90625,5.4483561515808105,4.165383870713413e-05
2,random,245,80189.921875,5.4483561515808105,3.7712954508606344e-05
2,random,246,80189.9296875,5.4483561515808105,3.423174348426983e-05
2,random,247,80189.9375,5.448356628417969,3.1168154237093404e-05
2,random,248,80189.953125,5.448356628417969,2.842730827978812e-05
2,random,249,80189.9609375,5.448356628417969,2.6011281079263426e-05
2,random,250,80189.96875,5.448356628417969,2.3842692826292478e-05
2,random,251,80189.9765625,5.448356628417969,2.1900870706303976e-05
2,random,252,80189.984375,5.448357105255127,2.0175002646283247e-05
2,random,253,80189.984375,5.448357105255127,1.8594801076687872e-05
2,random,254,80189.9921875,5.448357105255127,1.7199628928210586e-05
2,random,255,80190.0,5.448357105255127,1.591379077581223e-05
2,random,256,80190.0078125,5.448357105255127,1.4775415365875233e-05
2,random,257,80190.015625,5.448357105255127,1.3727510122407693e-05
2,random,258,80190.015625,5.448357105255127,1.2782832527591381e-05
2,random,259,80190.0234375,5.448357105255127,1.1913586604350712e-05
2,random,260,80190.0234375,5.448357105255127,1.1119878763565794e-05
2,random,261,80190.0234375,5.448357582092285,1.0390715033281595e-05
2,random,262,80190.03125,5.448357105255127,9.716480235510971e-06
2,random,263,80190.0390625,5.448357582092285,9.09709524421487e-06
2,random,264,80190.0390625,5.448357582092285,8.52113043947611e-06
2,random,265,80190.0390625,5.448357582092285,7.991002348717302e-06
2,random,266,80190.046875,5.448357582092285,7.494894362025661e-06
2,random,267,80190.046875,5.448357582092285,7.0375267569033895e-06
2,random,268,80190.0546875,5.448357582092285,6.608649528061505e-06
